BATCH_ID,ORPHAN_ID,CLASSIFICATION,REVIEW_STATE,SOURCE_RELATIVE,SOURCE_BYTES,SOURCE_SHA256,GIT_TRACKED,GIT_IGNORED,ORDINARY_INTAKE_ELIGIBLE,PROPOSED_DESTINATION,DISPOSITION
DBECO-20260810-001,orphan.cascade_root_duplicate_mirror,duplicate_generated_output,candidate_not_approved,dottalkpp/data/dbf/CASCADE_AP_Invoices.dbf,1535,bc28e534a5a843ff1520d65c64161f8e6d56c0632f0201bffcf51b197a11af44,0,0,1,D:/code/ccode.sidecar/holding/DBECO-20260810-001/dottalkpp/data/dbf/CASCADE_AP_Invoices.dbf,verify_consumers_then_age_in_ccode_sidecar
DBECO-20260810-001,orphan.cascade_root_duplicate_mirror,duplicate_generated_output,candidate_not_approved,dottalkpp/data/dbf/CASCADE_AP_Invoices.ddl.json,1447,1158a0a955bb3e4e9d1adbdf78adf8f4a2e790967f842370e0a1994413513496,0,0,1,D:/code/ccode.sidecar/holding/DBECO-20260810-001/dottalkpp/data/dbf/CASCADE_AP_Invoices.ddl.json,verify_consumers_then_age_in_ccode_sidecar
DBECO-20260810-001,orphan.cascade_root_duplicate_mirror,duplicate_generated_output,candidate_not_approved,dottalkpp/data/dbf/CASCADE_AP_Invoices.indexes.json,211,ba1fb00b47a1a8cf8a1f8fc43090588e2e7d57eddccf023f278678dbcaf140f3,0,0,1,D:/code/ccode.sidecar/holding/DBECO-20260810-001/dottalkpp/data/dbf/CASCADE_AP_Invoices.indexes.json,verify_consumers_then_age_in_ccode_sidecar
DBECO-20260810-001,orphan.cascade_root_duplicate_mirror,duplicate_generated_output,candidate_not_approved,dottalkpp/data/dbf/CASCADE_AP_Invoices.load.json,552,7ed410e07c60c157616823a16e2947df6420fb2f951bbf38b269e8cd310e0a99,0,0,1,D:/code/ccode.sidecar/holding/DBECO-20260810-001/dottalkpp/data/dbf/CASCADE_AP_Invoices.load.json,verify_consumers_then_age_in_ccode_sidecar
DBECO-20260810-001,orphan.cascade_root_duplicate_mirror,duplicate_generated_output,candidate_not_approved,dottalkpp/data/dbf/CASCADE_AP_Invoices.schema.copy.json,2763,8936ffb160d791d4dffe19ed15596b1bc8ffeb89499e43b4b87cfcbb825f3694,0,0,1,D:/code/ccode.sidecar/holding/DBECO-20260810-001/dottalkpp/data/dbf/CASCADE_AP_Invoices.schema.copy.json,verify_consumers_then_age_in_ccode_sidecar
DBECO-20260810-001,orphan.cascade_root_duplicate_mirror,duplicate_generated_output,candidate_not_approved,dottalkpp/data/dbf/CASCADE_AP_Payments.dbf,852,17cecf7a5a66baa1b7a2f12469dbb162d5a912651d243509473a0b896389596b,0,0,1,D:/code/ccode.sidecar/holding/DBECO-20260810-001/dottalkpp/data/dbf/CASCADE_AP_Payments.dbf,verify_consumers_then_age_in_ccode_sidecar
DBECO-20260810-001,orphan.cascade_root_duplicate_mirror,duplicate_generated_output,candidate_not_approved,dottalkpp/data/dbf/CASCADE_AP_Payments.ddl.json,1033,173ca300250a069a7b45913aa49f6a2a752d6e25cdc658bd856914e0263ef819,0,0,1,D:/code/ccode.sidecar/holding/DBECO-20260810-001/dottalkpp/data/dbf/CASCADE_AP_Payments.ddl.json,verify_consumers_then_age_in_ccode_sidecar
DBECO-20260810-001,orphan.cascade_root_duplicate_mirror,duplicate_generated_output,candidate_not_approved,dottalkpp/data/dbf/CASCADE_AP_Payments.indexes.json,211,6174e77a4c58cdc75633171f1027efe704842a7297ab2f73785204615f442f0e,0,0,1,D:/code/ccode.sidecar/holding/DBECO-20260810-001/dottalkpp/data/dbf/CASCADE_AP_Payments.indexes.json,verify_consumers_then_age_in_ccode_sidecar
DBECO-20260810-001,orphan.cascade_root_duplicate_mirror,duplicate_generated_output,candidate_not_approved,dottalkpp/data/dbf/CASCADE_AP_Payments.load.json,552,f1eda69f4fe6a7127e88a065edcb8a68a40da3659ed0b9cd268fc6cc4cf6b7b0,0,0,1,D:/code/ccode.sidecar/holding/DBECO-20260810-001/dottalkpp/data/dbf/CASCADE_AP_Payments.load.json,verify_consumers_then_age_in_ccode_sidecar
DBECO-20260810-001,orphan.cascade_root_duplicate_mirror,duplicate_generated_output,candidate_not_approved,dottalkpp/data/dbf/CASCADE_AP_Payments.schema.copy.json,1877,5c2f351ced1197eb2a24d148128f3b0278d0652f333d6d32eed8d135cde817ac,0,0,1,D:/code/ccode.sidecar/holding/DBECO-20260810-001/dottalkpp/data/dbf/CASCADE_AP_Payments.schema.copy.json,verify_consumers_then_age_in_ccode_sidecar
DBECO-20260810-001,orphan.cascade_root_duplicate_mirror,duplicate_generated_output,candidate_not_approved,dottalkpp/data/dbf/CASCADE_AR_Invoices.dbf,1507,c51bf0f7629087c4248bd8b47185df6fe34eded7238c4592fdef5a94a644fbf7,0,0,1,D:/code/ccode.sidecar/holding/DBECO-20260810-001/dottalkpp/data/dbf/CASCADE_AR_Invoices.dbf,verify_consumers_then_age_in_ccode_sidecar
DBECO-20260810-001,orphan.cascade_root_duplicate_mirror,duplicate_generated_output,candidate_not_approved,dottalkpp/data/dbf/CASCADE_AR_Invoices.ddl.json,1449,e780b2eabb12d37e0bf3fdcc0a284ce17ad3eea573839ab8e69a749678f5d885,0,0,1,D:/code/ccode.sidecar/holding/DBECO-20260810-001/dottalkpp/data/dbf/CASCADE_AR_Invoices.ddl.json,verify_consumers_then_age_in_ccode_sidecar
DBECO-20260810-001,orphan.cascade_root_duplicate_mirror,duplicate_generated_output,candidate_not_approved,dottalkpp/data/dbf/CASCADE_AR_Invoices.indexes.json,211,5cd488859495459f2809c4e91b73ee8deab44aa16f48f64128f8712cf99b2f89,0,0,1,D:/code/ccode.sidecar/holding/DBECO-20260810-001/dottalkpp/data/dbf/CASCADE_AR_Invoices.indexes.json,verify_consumers_then_age_in_ccode_sidecar
DBECO-20260810-001,orphan.cascade_root_duplicate_mirror,duplicate_generated_output,candidate_not_approved,dottalkpp/data/dbf/CASCADE_AR_Invoices.load.json,552,492c438d97320250d1c14a1885b3ff5c03c53d92a401279795199140b7ee6a1f,0,0,1,D:/code/ccode.sidecar/holding/DBECO-20260810-001/dottalkpp/data/dbf/CASCADE_AR_Invoices.load.json,verify_consumers_then_age_in_ccode_sidecar
DBECO-20260810-001,orphan.cascade_root_duplicate_mirror,duplicate_generated_output,candidate_not_approved,dottalkpp/data/dbf/CASCADE_AR_Invoices.schema.copy.json,2781,d5b838f7dea8e2c7618f00a3481de6c55622aaabd8841ffffb243490dcf6c383,0,0,1,D:/code/ccode.sidecar/holding/DBECO-20260810-001/dottalkpp/data/dbf/CASCADE_AR_Invoices.schema.copy.json,verify_consumers_then_age_in_ccode_sidecar
DBECO-20260810-001,orphan.cascade_root_duplicate_mirror,duplicate_generated_output,candidate_not_approved,dottalkpp/data/dbf/CASCADE_AR_Payments.dbf,885,e8302155f471f34db7f2708ffd7b5afb6e1df410e8fc4152cdb03b063f79e6e5,0,0,1,D:/code/ccode.sidecar/holding/DBECO-20260810-001/dottalkpp/data/dbf/CASCADE_AR_Payments.dbf,verify_consumers_then_age_in_ccode_sidecar
DBECO-20260810-001,orphan.cascade_root_duplicate_mirror,duplicate_generated_output,candidate_not_approved,dottalkpp/data/dbf/CASCADE_AR_Payments.ddl.json,1030,9d1a67d23ca56531285560697496ca42a6bdd16289c44578272ae884181978ed,0,0,1,D:/code/ccode.sidecar/holding/DBECO-20260810-001/dottalkpp/data/dbf/CASCADE_AR_Payments.ddl.json,verify_consumers_then_age_in_ccode_sidecar
DBECO-20260810-001,orphan.cascade_root_duplicate_mirror,duplicate_generated_output,candidate_not_approved,dottalkpp/data/dbf/CASCADE_AR_Payments.indexes.json,211,21a4622c237fcbb2a617b79f164303a9a4bf2df485f2c36e62ca5d99d6bab778,0,0,1,D:/code/ccode.sidecar/holding/DBECO-20260810-001/dottalkpp/data/dbf/CASCADE_AR_Payments.indexes.json,verify_consumers_then_age_in_ccode_sidecar
DBECO-20260810-001,orphan.cascade_root_duplicate_mirror,duplicate_generated_output,candidate_not_approved,dottalkpp/data/dbf/CASCADE_AR_Payments.load.json,552,a7aff2d38e4120712f8df038718e9713ceac914f57ae3086ddb20e56d3504d58,0,0,1,D:/code/ccode.sidecar/holding/DBECO-20260810-001/dottalkpp/data/dbf/CASCADE_AR_Payments.load.json,verify_consumers_then_age_in_ccode_sidecar
DBECO-20260810-001,orphan.cascade_root_duplicate_mirror,duplicate_generated_output,candidate_not_approved,dottalkpp/data/dbf/CASCADE_AR_Payments.schema.copy.json,1893,b16c06819fd8b5d7ab012bc31025faebc16c551e2f1b8a969b69962245d10123,0,0,1,D:/code/ccode.sidecar/holding/DBECO-20260810-001/dottalkpp/data/dbf/CASCADE_AR_Payments.schema.copy.json,verify_consumers_then_age_in_ccode_sidecar
DBECO-20260810-001,orphan.cascade_root_duplicate_mirror,duplicate_generated_output,candidate_not_approved,dottalkpp/data/dbf/CASCADE_BOM_Details.dbf,2531,7bbb554d9e20bdc2f0e199a934ef7052e769210df683de7c2ead1691afa90a7d,0,0,1,D:/code/ccode.sidecar/holding/DBECO-20260810-001/dottalkpp/data/dbf/CASCADE_BOM_Details.dbf,verify_consumers_then_age_in_ccode_sidecar
DBECO-20260810-001,orphan.cascade_root_duplicate_mirror,duplicate_generated_output,candidate_not_approved,dottalkpp/data/dbf/CASCADE_BOM_Details.ddl.json,1286,66d7e2d9aa0cdf35ee23a7c823a446dad6e2ea947e88f4374f0d6ec54b92d8f2,0,0,1,D:/code/ccode.sidecar/holding/DBECO-20260810-001/dottalkpp/data/dbf/CASCADE_BOM_Details.ddl.json,verify_consumers_then_age_in_ccode_sidecar
DBECO-20260810-001,orphan.cascade_root_duplicate_mirror,duplicate_generated_output,candidate_not_approved,dottalkpp/data/dbf/CASCADE_BOM_Details.indexes.json,211,aa6cbd829126bcfbb2fce3a6f50c077746761b27f8091477d2e6ae7684b0128b,0,0,1,D:/code/ccode.sidecar/holding/DBECO-20260810-001/dottalkpp/data/dbf/CASCADE_BOM_Details.indexes.json,verify_consumers_then_age_in_ccode_sidecar
DBECO-20260810-001,orphan.cascade_root_duplicate_mirror,duplicate_generated_output,candidate_not_approved,dottalkpp/data/dbf/CASCADE_BOM_Details.load.json,552,485ad0485ef669200c0aafc1a59f9a68a3b699507799c6237e13e79187dcef83,0,0,1,D:/code/ccode.sidecar/holding/DBECO-20260810-001/dottalkpp/data/dbf/CASCADE_BOM_Details.load.json,verify_consumers_then_age_in_ccode_sidecar
DBECO-20260810-001,orphan.cascade_root_duplicate_mirror,duplicate_generated_output,candidate_not_approved,dottalkpp/data/dbf/CASCADE_BOM_Details.schema.copy.json,2600,9886e558f330f98f42c36d44310e7096be8b7f89365e083444e6da2ddfb520d4,0,0,1,D:/code/ccode.sidecar/holding/DBECO-20260810-001/dottalkpp/data/dbf/CASCADE_BOM_Details.schema.copy.json,verify_consumers_then_age_in_ccode_sidecar
DBECO-20260810-001,orphan.cascade_root_duplicate_mirror,duplicate_generated_output,candidate_not_approved,dottalkpp/data/dbf/CASCADE_BOM_Headers.dbf,903,db49d2eb009f6f724ed54adddc3debf88c40f40727aad00472d665747cec9b5f,0,0,1,D:/code/ccode.sidecar/holding/DBECO-20260810-001/dottalkpp/data/dbf/CASCADE_BOM_Headers.dbf,verify_consumers_then_age_in_ccode_sidecar
DBECO-20260810-001,orphan.cascade_root_duplicate_mirror,duplicate_generated_output,candidate_not_approved,dottalkpp/data/dbf/CASCADE_BOM_Headers.ddl.json,1256,8ac1b1ae6b790874d328d4393819859d5ba0bc8df8e062954c79c87a95fa7b73,0,0,1,D:/code/ccode.sidecar/holding/DBECO-20260810-001/dottalkpp/data/dbf/CASCADE_BOM_Headers.ddl.json,verify_consumers_then_age_in_ccode_sidecar
DBECO-20260810-001,orphan.cascade_root_duplicate_mirror,duplicate_generated_output,candidate_not_approved,dottalkpp/data/dbf/CASCADE_BOM_Headers.indexes.json,452,b971a5a1d5410ae22adad8d9bc8cd7800738a81681962543d7fa997286fe51eb,0,0,1,D:/code/ccode.sidecar/holding/DBECO-20260810-001/dottalkpp/data/dbf/CASCADE_BOM_Headers.indexes.json,verify_consumers_then_age_in_ccode_sidecar
DBECO-20260810-001,orphan.cascade_root_duplicate_mirror,duplicate_generated_output,candidate_not_approved,dottalkpp/data/dbf/CASCADE_BOM_Headers.load.json,552,1ea0bdda8fd42bea1432541b451fdc99052b97796520cf763bfbd0692dbf3dd7,0,0,1,D:/code/ccode.sidecar/holding/DBECO-20260810-001/dottalkpp/data/dbf/CASCADE_BOM_Headers.load.json,verify_consumers_then_age_in_ccode_sidecar
DBECO-20260810-001,orphan.cascade_root_duplicate_mirror,duplicate_generated_output,candidate_not_approved,dottalkpp/data/dbf/CASCADE_BOM_Headers.schema.copy.json,2031,7349c8422d33053350cad27f43f8b70991e77193330497596abd0bad2411a49d,0,0,1,D:/code/ccode.sidecar/holding/DBECO-20260810-001/dottalkpp/data/dbf/CASCADE_BOM_Headers.schema.copy.json,verify_consumers_then_age_in_ccode_sidecar
DBECO-20260810-001,orphan.cascade_root_duplicate_mirror,duplicate_generated_output,candidate_not_approved,dottalkpp/data/dbf/CASCADE_Customers.dbf,2244,8155d65f61caf17adf93049bf6b67de943948ab8435c2910c2cd33ec84b47729,0,0,1,D:/code/ccode.sidecar/holding/DBECO-20260810-001/dottalkpp/data/dbf/CASCADE_Customers.dbf,verify_consumers_then_age_in_ccode_sidecar
DBECO-20260810-001,orphan.cascade_root_duplicate_mirror,duplicate_generated_output,candidate_not_approved,dottalkpp/data/dbf/CASCADE_Customers.ddl.json,2456,fcbcd2624366d7cfee8353a9ce688c8a3bac5a91dece8bf16f73a3cd77e8769f,0,0,1,D:/code/ccode.sidecar/holding/DBECO-20260810-001/dottalkpp/data/dbf/CASCADE_Customers.ddl.json,verify_consumers_then_age_in_ccode_sidecar
DBECO-20260810-001,orphan.cascade_root_duplicate_mirror,duplicate_generated_output,candidate_not_approved,dottalkpp/data/dbf/CASCADE_Customers.indexes.json,434,7a2a27f30f693e1714df7f44ae44e73a9b33ae3bf1e59b681491f9afeb5e533d,0,0,1,D:/code/ccode.sidecar/holding/DBECO-20260810-001/dottalkpp/data/dbf/CASCADE_Customers.indexes.json,verify_consumers_then_age_in_ccode_sidecar
DBECO-20260810-001,orphan.cascade_root_duplicate_mirror,duplicate_generated_output,candidate_not_approved,dottalkpp/data/dbf/CASCADE_Customers.load.json,546,7f1c8a6ce0e05cb568add516d43d317507401915ae360f0750cad3733d5a741f,0,0,1,D:/code/ccode.sidecar/holding/DBECO-20260810-001/dottalkpp/data/dbf/CASCADE_Customers.load.json,verify_consumers_then_age_in_ccode_sidecar
DBECO-20260810-001,orphan.cascade_root_duplicate_mirror,duplicate_generated_output,candidate_not_approved,dottalkpp/data/dbf/CASCADE_Customers.schema.copy.json,2768,7c1bff71c1ae4d4c96892d298f1099f4eab0f1056e4c96ac87027b49d1a05aa5,0,0,1,D:/code/ccode.sidecar/holding/DBECO-20260810-001/dottalkpp/data/dbf/CASCADE_Customers.schema.copy.json,verify_consumers_then_age_in_ccode_sidecar
DBECO-20260810-001,orphan.cascade_root_duplicate_mirror,duplicate_generated_output,candidate_not_approved,dottalkpp/data/dbf/CASCADE_Departments.dbf,931,f192d6cbf2750ed7b1867e9099bc8ca2470a690ed7c28d9de34db276d29d8f78,0,0,1,D:/code/ccode.sidecar/holding/DBECO-20260810-001/dottalkpp/data/dbf/CASCADE_Departments.dbf,verify_consumers_then_age_in_ccode_sidecar
DBECO-20260810-001,orphan.cascade_root_duplicate_mirror,duplicate_generated_output,candidate_not_approved,dottalkpp/data/dbf/CASCADE_Departments.ddl.json,1247,536c6d99e3bb6aba788da022febf45bcf60a9705a41d5e21d13c3d1bb702242d,0,0,1,D:/code/ccode.sidecar/holding/DBECO-20260810-001/dottalkpp/data/dbf/CASCADE_Departments.ddl.json,verify_consumers_then_age_in_ccode_sidecar
DBECO-20260810-001,orphan.cascade_root_duplicate_mirror,duplicate_generated_output,candidate_not_approved,dottalkpp/data/dbf/CASCADE_Departments.indexes.json,434,aa0e3a8ea7469fc80937c7392504319e1e7b467cca030c8632afeee8ad8d5076,0,0,1,D:/code/ccode.sidecar/holding/DBECO-20260810-001/dottalkpp/data/dbf/CASCADE_Departments.indexes.json,verify_consumers_then_age_in_ccode_sidecar
DBECO-20260810-001,orphan.cascade_root_duplicate_mirror,duplicate_generated_output,candidate_not_approved,dottalkpp/data/dbf/CASCADE_Departments.load.json,552,ad2e526c1ad09cce3c0cfa7f50c706665b7fd36777dfdeda6d9d28da134dd25f,0,0,1,D:/code/ccode.sidecar/holding/DBECO-20260810-001/dottalkpp/data/dbf/CASCADE_Departments.load.json,verify_consumers_then_age_in_ccode_sidecar
DBECO-20260810-001,orphan.cascade_root_duplicate_mirror,duplicate_generated_output,candidate_not_approved,dottalkpp/data/dbf/CASCADE_Departments.schema.copy.json,1981,0d3c2e73de56616fe8db0baf476e828a7e7d3a9c91ddd39a0aae6236c38ff033,0,0,1,D:/code/ccode.sidecar/holding/DBECO-20260810-001/dottalkpp/data/dbf/CASCADE_Departments.schema.copy.json,verify_consumers_then_age_in_ccode_sidecar
DBECO-20260810-001,orphan.cascade_root_duplicate_mirror,duplicate_generated_output,candidate_not_approved,dottalkpp/data/dbf/CASCADE_Employees.dbf,4204,c198d0233b5abb66326297f8788c3a7570962d210c1a602b65a7b52ce5b26f94,0,0,1,D:/code/ccode.sidecar/holding/DBECO-20260810-001/dottalkpp/data/dbf/CASCADE_Employees.dbf,verify_consumers_then_age_in_ccode_sidecar
DBECO-20260810-001,orphan.cascade_root_duplicate_mirror,duplicate_generated_output,candidate_not_approved,dottalkpp/data/dbf/CASCADE_Employees.ddl.json,2335,9803f09ca5a9b6698f6c9b2d17774b995c2c11c879dfd670f4b6b0574449bea8,0,0,1,D:/code/ccode.sidecar/holding/DBECO-20260810-001/dottalkpp/data/dbf/CASCADE_Employees.ddl.json,verify_consumers_then_age_in_ccode_sidecar
DBECO-20260810-001,orphan.cascade_root_duplicate_mirror,duplicate_generated_output,candidate_not_approved,dottalkpp/data/dbf/CASCADE_Employees.indexes.json,434,2e3c1a6a856be743261ddf50ac39f075d71b4e1f498e7565b9d10a09838d8e25,0,0,1,D:/code/ccode.sidecar/holding/DBECO-20260810-001/dottalkpp/data/dbf/CASCADE_Employees.indexes.json,verify_consumers_then_age_in_ccode_sidecar
DBECO-20260810-001,orphan.cascade_root_duplicate_mirror,duplicate_generated_output,candidate_not_approved,dottalkpp/data/dbf/CASCADE_Employees.load.json,546,a09ae1efafc32ad51ffab69da604d8d6ee4ed75765034598bab1408b1e743b9b,0,0,1,D:/code/ccode.sidecar/holding/DBECO-20260810-001/dottalkpp/data/dbf/CASCADE_Employees.load.json,verify_consumers_then_age_in_ccode_sidecar
DBECO-20260810-001,orphan.cascade_root_duplicate_mirror,duplicate_generated_output,candidate_not_approved,dottalkpp/data/dbf/CASCADE_Employees.schema.copy.json,3590,249f441b007fb9a175ef2178fe40696f4acb1ecd2648da07304a4e2557dc81a1,0,0,1,D:/code/ccode.sidecar/holding/DBECO-20260810-001/dottalkpp/data/dbf/CASCADE_Employees.schema.copy.json,verify_consumers_then_age_in_ccode_sidecar
DBECO-20260810-001,orphan.cascade_root_duplicate_mirror,duplicate_generated_output,candidate_not_approved,dottalkpp/data/dbf/CASCADE_GL_Accounts.dbf,1796,7bd19a5a8cc33ca9fdd1566453a461d657a8d95cd3745c883df1c6de13e82079,0,0,1,D:/code/ccode.sidecar/holding/DBECO-20260810-001/dottalkpp/data/dbf/CASCADE_GL_Accounts.dbf,verify_consumers_then_age_in_ccode_sidecar
DBECO-20260810-001,orphan.cascade_root_duplicate_mirror,duplicate_generated_output,candidate_not_approved,dottalkpp/data/dbf/CASCADE_GL_Accounts.ddl.json,1405,5e90aff8d73dacd8fa8aba941ccfd4a67719d1bfd39ce7b6ecce5c447f6f291a,0,0,1,D:/code/ccode.sidecar/holding/DBECO-20260810-001/dottalkpp/data/dbf/CASCADE_GL_Accounts.ddl.json,verify_consumers_then_age_in_ccode_sidecar
DBECO-20260810-001,orphan.cascade_root_duplicate_mirror,duplicate_generated_output,candidate_not_approved,dottalkpp/data/dbf/CASCADE_GL_Accounts.indexes.json,437,ed8f9a04657e35c666871203a7cc0015895fbde0e38d9a420ac8ad2623c9e34d,0,0,1,D:/code/ccode.sidecar/holding/DBECO-20260810-001/dottalkpp/data/dbf/CASCADE_GL_Accounts.indexes.json,verify_consumers_then_age_in_ccode_sidecar
DBECO-20260810-001,orphan.cascade_root_duplicate_mirror,duplicate_generated_output,candidate_not_approved,dottalkpp/data/dbf/CASCADE_GL_Accounts.load.json,552,f23438931028cc175e4f7aecdea191a70fe7a5d00fb80d7593b6af20d9070ead,0,0,1,D:/code/ccode.sidecar/holding/DBECO-20260810-001/dottalkpp/data/dbf/CASCADE_GL_Accounts.load.json,verify_consumers_then_age_in_ccode_sidecar
DBECO-20260810-001,orphan.cascade_root_duplicate_mirror,duplicate_generated_output,candidate_not_approved,dottalkpp/data/dbf/CASCADE_GL_Accounts.schema.copy.json,2278,7b332677dd4a8fa022315cc68f73343690c09d7ab312680832564fa23edff869,0,0,1,D:/code/ccode.sidecar/holding/DBECO-20260810-001/dottalkpp/data/dbf/CASCADE_GL_Accounts.schema.copy.json,verify_consumers_then_age_in_ccode_sidecar
DBECO-20260810-001,orphan.cascade_root_duplicate_mirror,duplicate_generated_output,candidate_not_approved,dottalkpp/data/dbf/CASCADE_GL_Journal.dbf,4147,9cc598079cd2cea09e514883191e38e4d0af33108bde01f5265e944dbd73fb69,0,0,1,D:/code/ccode.sidecar/holding/DBECO-20260810-001/dottalkpp/data/dbf/CASCADE_GL_Journal.dbf,verify_consumers_then_age_in_ccode_sidecar
DBECO-20260810-001,orphan.cascade_root_duplicate_mirror,duplicate_generated_output,candidate_not_approved,dottalkpp/data/dbf/CASCADE_GL_Journal.ddl.json,1567,8cd7eac7212a72afb33d65e25350a98140c68ac15c2a37c9a2bfab0667421a8c,0,0,1,D:/code/ccode.sidecar/holding/DBECO-20260810-001/dottalkpp/data/dbf/CASCADE_GL_Journal.ddl.json,verify_consumers_then_age_in_ccode_sidecar
DBECO-20260810-001,orphan.cascade_root_duplicate_mirror,duplicate_generated_output,candidate_not_approved,dottalkpp/data/dbf/CASCADE_GL_Journal.indexes.json,210,44cdeb703609ab56a913511bc54fd70d680e515ef1d2299d370bab50fac2e38c,0,0,1,D:/code/ccode.sidecar/holding/DBECO-20260810-001/dottalkpp/data/dbf/CASCADE_GL_Journal.indexes.json,verify_consumers_then_age_in_ccode_sidecar
DBECO-20260810-001,orphan.cascade_root_duplicate_mirror,duplicate_generated_output,candidate_not_approved,dottalkpp/data/dbf/CASCADE_GL_Journal.load.json,549,37b262679d070536d6690f0863dcfaf5b91ec44de40f93ad30f53c0157be7559,0,0,1,D:/code/ccode.sidecar/holding/DBECO-20260810-001/dottalkpp/data/dbf/CASCADE_GL_Journal.load.json,verify_consumers_then_age_in_ccode_sidecar
DBECO-20260810-001,orphan.cascade_root_duplicate_mirror,duplicate_generated_output,candidate_not_approved,dottalkpp/data/dbf/CASCADE_GL_Journal.schema.copy.json,2400,2c7bb0f06717f9a827b37db06bb93869ea083ffe8991e115546241e0381db7bf,0,0,1,D:/code/ccode.sidecar/holding/DBECO-20260810-001/dottalkpp/data/dbf/CASCADE_GL_Journal.schema.copy.json,verify_consumers_then_age_in_ccode_sidecar
DBECO-20260810-001,orphan.cascade_root_duplicate_mirror,duplicate_generated_output,candidate_not_approved,dottalkpp/data/dbf/CASCADE_Inventory_Movements.dbf,3329,769c9ba1bf58f243da5e5521f868a572bc08c8807399366fbd496e98963d4f19,0,0,1,D:/code/ccode.sidecar/holding/DBECO-20260810-001/dottalkpp/data/dbf/CASCADE_Inventory_Movements.dbf,verify_consumers_then_age_in_ccode_sidecar
DBECO-20260810-001,orphan.cascade_root_duplicate_mirror,duplicate_generated_output,candidate_not_approved,dottalkpp/data/dbf/CASCADE_Inventory_Movements.ddl.json,1598,feb468a80954043ca0a9d1991351526757e27e89f7326c418ca9af57ece52079,0,0,1,D:/code/ccode.sidecar/holding/DBECO-20260810-001/dottalkpp/data/dbf/CASCADE_Inventory_Movements.ddl.json,verify_consumers_then_age_in_ccode_sidecar
DBECO-20260810-001,orphan.cascade_root_duplicate_mirror,duplicate_generated_output,candidate_not_approved,dottalkpp/data/dbf/CASCADE_Inventory_Movements.indexes.json,219,e6418a0e00bc33e87d08c34fa323da890dff29158f190105838cba6ea0415452,0,0,1,D:/code/ccode.sidecar/holding/DBECO-20260810-001/dottalkpp/data/dbf/CASCADE_Inventory_Movements.indexes.json,verify_consumers_then_age_in_ccode_sidecar
DBECO-20260810-001,orphan.cascade_root_duplicate_mirror,duplicate_generated_output,candidate_not_approved,dottalkpp/data/dbf/CASCADE_Inventory_Movements.load.json,576,2d800bffb112a1ae4532c8bbe9be7fe2d0f7f044edee7fac426991ffad1d71a0,0,0,1,D:/code/ccode.sidecar/holding/DBECO-20260810-001/dottalkpp/data/dbf/CASCADE_Inventory_Movements.load.json,verify_consumers_then_age_in_ccode_sidecar
DBECO-20260810-001,orphan.cascade_root_duplicate_mirror,duplicate_generated_output,candidate_not_approved,dottalkpp/data/dbf/CASCADE_Inventory_Movements.schema.copy.json,3501,5dea0a61bc3dff187d1ba7fc07fb228013b6042784918ce5ce2bb413938489ca,0,0,1,D:/code/ccode.sidecar/holding/DBECO-20260810-001/dottalkpp/data/dbf/CASCADE_Inventory_Movements.schema.copy.json,verify_consumers_then_age_in_ccode_sidecar
DBECO-20260810-001,orphan.cascade_root_duplicate_mirror,duplicate_generated_output,candidate_not_approved,dottalkpp/data/dbf/CASCADE_Items.dbf,4781,4bd615b58161c88dfe69172b97fa52423f6f3567c1f9c3787604887c4fe4af00,0,0,1,D:/code/ccode.sidecar/holding/DBECO-20260810-001/dottalkpp/data/dbf/CASCADE_Items.dbf,verify_consumers_then_age_in_ccode_sidecar
DBECO-20260810-001,orphan.cascade_root_duplicate_mirror,duplicate_generated_output,candidate_not_approved,dottalkpp/data/dbf/CASCADE_Items.ddl.json,2177,c06a71f2bc5b4d0bb63c42f5b56656ca5bc771bd8adcd9cb052bffe9906aa8b0,0,0,1,D:/code/ccode.sidecar/holding/DBECO-20260810-001/dottalkpp/data/dbf/CASCADE_Items.ddl.json,verify_consumers_then_age_in_ccode_sidecar
DBECO-20260810-001,orphan.cascade_root_duplicate_mirror,duplicate_generated_output,candidate_not_approved,dottalkpp/data/dbf/CASCADE_Items.indexes.json,416,a2d6ac2fc9a3a2f2f58f0b43134f33d51f8ea35c4062d3bcd48cdb0c14591940,0,0,1,D:/code/ccode.sidecar/holding/DBECO-20260810-001/dottalkpp/data/dbf/CASCADE_Items.indexes.json,verify_consumers_then_age_in_ccode_sidecar
DBECO-20260810-001,orphan.cascade_root_duplicate_mirror,duplicate_generated_output,candidate_not_approved,dottalkpp/data/dbf/CASCADE_Items.load.json,534,3838be64671dfc836794d0b665f0787d99386fda8390a8255b273b452157b9c3,0,0,1,D:/code/ccode.sidecar/holding/DBECO-20260810-001/dottalkpp/data/dbf/CASCADE_Items.load.json,verify_consumers_then_age_in_ccode_sidecar
DBECO-20260810-001,orphan.cascade_root_duplicate_mirror,duplicate_generated_output,candidate_not_approved,dottalkpp/data/dbf/CASCADE_Items.schema.copy.json,2635,e7f6f9195abc70eb6219d91f6fc091c1971bce4d6734028f14854d6ad7b8b108,0,0,1,D:/code/ccode.sidecar/holding/DBECO-20260810-001/dottalkpp/data/dbf/CASCADE_Items.schema.copy.json,verify_consumers_then_age_in_ccode_sidecar
DBECO-20260810-001,orphan.cascade_root_duplicate_mirror,duplicate_generated_output,candidate_not_approved,dottalkpp/data/dbf/CASCADE_Payroll_Runs.dbf,2908,75e87b350123e33b6266a2a373240e6f3c80664d352762e49d0b0ad2625a406a,0,0,1,D:/code/ccode.sidecar/holding/DBECO-20260810-001/dottalkpp/data/dbf/CASCADE_Payroll_Runs.dbf,verify_consumers_then_age_in_ccode_sidecar
DBECO-20260810-001,orphan.cascade_root_duplicate_mirror,duplicate_generated_output,candidate_not_approved,dottalkpp/data/dbf/CASCADE_Payroll_Runs.ddl.json,2143,0d80b1b2daa2d9e5fed1083fc5b4b0bd7b855b6f99ced337e5a3a95bdf7ebaca,0,0,1,D:/code/ccode.sidecar/holding/DBECO-20260810-001/dottalkpp/data/dbf/CASCADE_Payroll_Runs.ddl.json,verify_consumers_then_age_in_ccode_sidecar
DBECO-20260810-001,orphan.cascade_root_duplicate_mirror,duplicate_generated_output,candidate_not_approved,dottalkpp/data/dbf/CASCADE_Payroll_Runs.indexes.json,212,bcc01255cf138441dd63d25dafd99bf594d3bcca142e4c75bc9180ba86a05d46,0,0,1,D:/code/ccode.sidecar/holding/DBECO-20260810-001/dottalkpp/data/dbf/CASCADE_Payroll_Runs.indexes.json,verify_consumers_then_age_in_ccode_sidecar
DBECO-20260810-001,orphan.cascade_root_duplicate_mirror,duplicate_generated_output,candidate_not_approved,dottalkpp/data/dbf/CASCADE_Payroll_Runs.load.json,555,5fe6eff7db63451791156a70fc2baeb4d2989dbff2d9c4bc60d310f7740824a8,0,0,1,D:/code/ccode.sidecar/holding/DBECO-20260810-001/dottalkpp/data/dbf/CASCADE_Payroll_Runs.load.json,verify_consumers_then_age_in_ccode_sidecar
DBECO-20260810-001,orphan.cascade_root_duplicate_mirror,duplicate_generated_output,candidate_not_approved,dottalkpp/data/dbf/CASCADE_Payroll_Runs.schema.copy.json,3065,69eafb4471c91f4d95ec780266e0307fcb3a2cd5bbb05604987e2e10fa28151e,0,0,1,D:/code/ccode.sidecar/holding/DBECO-20260810-001/dottalkpp/data/dbf/CASCADE_Payroll_Runs.schema.copy.json,verify_consumers_then_age_in_ccode_sidecar
DBECO-20260810-001,orphan.cascade_root_duplicate_mirror,duplicate_generated_output,candidate_not_approved,dottalkpp/data/dbf/CASCADE_PO_Lines.dbf,2549,d1ad774a091985ab8a5716e5f64b60c3424d0ee3010f66115c7c535d54ebb088,0,0,1,D:/code/ccode.sidecar/holding/DBECO-20260810-001/dottalkpp/data/dbf/CASCADE_PO_Lines.dbf,verify_consumers_then_age_in_ccode_sidecar
DBECO-20260810-001,orphan.cascade_root_duplicate_mirror,duplicate_generated_output,candidate_not_approved,dottalkpp/data/dbf/CASCADE_PO_Lines.ddl.json,1543,2cf931edde5e609683ea610a504e8610167397ebd19bd33b79548ce1ef048ce7,0,0,1,D:/code/ccode.sidecar/holding/DBECO-20260810-001/dottalkpp/data/dbf/CASCADE_PO_Lines.ddl.json,verify_consumers_then_age_in_ccode_sidecar
DBECO-20260810-001,orphan.cascade_root_duplicate_mirror,duplicate_generated_output,candidate_not_approved,dottalkpp/data/dbf/CASCADE_PO_Lines.indexes.json,447,5bdc134eacec56663b28fc3dc49184bfd3dba7a8082930dd92215c70cd7c0826,0,0,1,D:/code/ccode.sidecar/holding/DBECO-20260810-001/dottalkpp/data/dbf/CASCADE_PO_Lines.indexes.json,verify_consumers_then_age_in_ccode_sidecar
DBECO-20260810-001,orphan.cascade_root_duplicate_mirror,duplicate_generated_output,candidate_not_approved,dottalkpp/data/dbf/CASCADE_PO_Lines.load.json,543,6c598dd90ffa48a9539dfaeb9311e7042c787f51bc7de2da0dd86c32d68e8ce9,0,0,1,D:/code/ccode.sidecar/holding/DBECO-20260810-001/dottalkpp/data/dbf/CASCADE_PO_Lines.load.json,verify_consumers_then_age_in_ccode_sidecar
DBECO-20260810-001,orphan.cascade_root_duplicate_mirror,duplicate_generated_output,candidate_not_approved,dottalkpp/data/dbf/CASCADE_PO_Lines.schema.copy.json,2887,529622b774f6aa41a6a21271f3a76f59d949508dfba37ff491f640b0c6b6da33,0,0,1,D:/code/ccode.sidecar/holding/DBECO-20260810-001/dottalkpp/data/dbf/CASCADE_PO_Lines.schema.copy.json,verify_consumers_then_age_in_ccode_sidecar
DBECO-20260810-001,orphan.cascade_root_duplicate_mirror,duplicate_generated_output,candidate_not_approved,dottalkpp/data/dbf/CASCADE_Price_Lists.dbf,1904,bacc826035baf9f61bf6a086cbbed5ab1bfc504352e26c30d24b8804a924bdc5,0,0,1,D:/code/ccode.sidecar/holding/DBECO-20260810-001/dottalkpp/data/dbf/CASCADE_Price_Lists.dbf,verify_consumers_then_age_in_ccode_sidecar
DBECO-20260810-001,orphan.cascade_root_duplicate_mirror,duplicate_generated_output,candidate_not_approved,dottalkpp/data/dbf/CASCADE_Price_Lists.ddl.json,1161,972631eadfbceef92f77a23a0570f69928385496855b8907c5246954297f100f,0,0,1,D:/code/ccode.sidecar/holding/DBECO-20260810-001/dottalkpp/data/dbf/CASCADE_Price_Lists.ddl.json,verify_consumers_then_age_in_ccode_sidecar
DBECO-20260810-001,orphan.cascade_root_duplicate_mirror,duplicate_generated_output,candidate_not_approved,dottalkpp/data/dbf/CASCADE_Price_Lists.indexes.json,211,255790035131bfebef003e3944bb79e43df9c7edafff1ca8c84b20d352cd954d,0,0,1,D:/code/ccode.sidecar/holding/DBECO-20260810-001/dottalkpp/data/dbf/CASCADE_Price_Lists.indexes.json,verify_consumers_then_age_in_ccode_sidecar
DBECO-20260810-001,orphan.cascade_root_duplicate_mirror,duplicate_generated_output,candidate_not_approved,dottalkpp/data/dbf/CASCADE_Price_Lists.load.json,552,54ab01326cb7f8b56c5dc024ee61bcfc48be776a0aa3f60e8dafae92aec3dda2,0,0,1,D:/code/ccode.sidecar/holding/DBECO-20260810-001/dottalkpp/data/dbf/CASCADE_Price_Lists.load.json,verify_consumers_then_age_in_ccode_sidecar
DBECO-20260810-001,orphan.cascade_root_duplicate_mirror,duplicate_generated_output,candidate_not_approved,dottalkpp/data/dbf/CASCADE_Price_Lists.schema.copy.json,2417,47cd522eaec89bdf38e62b48f2f61de2c33fb21225d94a55b16da528eca286c7,0,0,1,D:/code/ccode.sidecar/holding/DBECO-20260810-001/dottalkpp/data/dbf/CASCADE_Price_Lists.schema.copy.json,verify_consumers_then_age_in_ccode_sidecar
DBECO-20260810-001,orphan.cascade_root_duplicate_mirror,duplicate_generated_output,candidate_not_approved,dottalkpp/data/dbf/CASCADE_Purchase_Orders.dbf,1511,4a23c25c97f77b2e7a013d1a192d75cc487208cb2564fadd9b2f99abe6e24304,0,0,1,D:/code/ccode.sidecar/holding/DBECO-20260810-001/dottalkpp/data/dbf/CASCADE_Purchase_Orders.dbf,verify_consumers_then_age_in_ccode_sidecar
DBECO-20260810-001,orphan.cascade_root_duplicate_mirror,duplicate_generated_output,candidate_not_approved,dottalkpp/data/dbf/CASCADE_Purchase_Orders.ddl.json,1663,d6adf2252a90a6b6febfc97d2eceecd88cb4718daa052032b3ab0b103a881996,0,0,1,D:/code/ccode.sidecar/holding/DBECO-20260810-001/dottalkpp/data/dbf/CASCADE_Purchase_Orders.ddl.json,verify_consumers_then_age_in_ccode_sidecar
DBECO-20260810-001,orphan.cascade_root_duplicate_mirror,duplicate_generated_output,candidate_not_approved,dottalkpp/data/dbf/CASCADE_Purchase_Orders.indexes.json,442,19e7aca0e1f40d1022f5e75a54d405b0df1a946e5720ef59cc5d9004d09fdbfa,0,0,1,D:/code/ccode.sidecar/holding/DBECO-20260810-001/dottalkpp/data/dbf/CASCADE_Purchase_Orders.indexes.json,verify_consumers_then_age_in_ccode_sidecar
DBECO-20260810-001,orphan.cascade_root_duplicate_mirror,duplicate_generated_output,candidate_not_approved,dottalkpp/data/dbf/CASCADE_Purchase_Orders.load.json,564,04b21569fd58bf5d45b614247b4008efc85940abbcdbe7b4dc6d3a2ff57c8e02,0,0,1,D:/code/ccode.sidecar/holding/DBECO-20260810-001/dottalkpp/data/dbf/CASCADE_Purchase_Orders.load.json,verify_consumers_then_age_in_ccode_sidecar
DBECO-20260810-001,orphan.cascade_root_duplicate_mirror,duplicate_generated_output,candidate_not_approved,dottalkpp/data/dbf/CASCADE_Purchase_Orders.schema.copy.json,2955,e264a34f2b34e505057dec3fbd2248f0dbb03fc2d07ad0f66c3d890685b0f6d9,0,0,1,D:/code/ccode.sidecar/holding/DBECO-20260810-001/dottalkpp/data/dbf/CASCADE_Purchase_Orders.schema.copy.json,verify_consumers_then_age_in_ccode_sidecar
DBECO-20260810-001,orphan.cascade_root_duplicate_mirror,duplicate_generated_output,candidate_not_approved,dottalkpp/data/dbf/CASCADE_Quality_Results.dbf,1546,eed80543e7cb3cffe96d327e248b0e664a94b23da7ad7211717bace03d0b7684,0,0,1,D:/code/ccode.sidecar/holding/DBECO-20260810-001/dottalkpp/data/dbf/CASCADE_Quality_Results.dbf,verify_consumers_then_age_in_ccode_sidecar
DBECO-20260810-001,orphan.cascade_root_duplicate_mirror,duplicate_generated_output,candidate_not_approved,dottalkpp/data/dbf/CASCADE_Quality_Results.ddl.json,1452,f787ae335040ef14d20670f9f23ae7afbcf954dbbcd2055349d5ac812dc0bc30,0,0,1,D:/code/ccode.sidecar/holding/DBECO-20260810-001/dottalkpp/data/dbf/CASCADE_Quality_Results.ddl.json,verify_consumers_then_age_in_ccode_sidecar
DBECO-20260810-001,orphan.cascade_root_duplicate_mirror,duplicate_generated_output,candidate_not_approved,dottalkpp/data/dbf/CASCADE_Quality_Results.indexes.json,215,3e0f44c983526f4b09f20252b7067a9b2f273c81ba6ec647336405e677142366,0,0,1,D:/code/ccode.sidecar/holding/DBECO-20260810-001/dottalkpp/data/dbf/CASCADE_Quality_Results.indexes.json,verify_consumers_then_age_in_ccode_sidecar
DBECO-20260810-001,orphan.cascade_root_duplicate_mirror,duplicate_generated_output,candidate_not_approved,dottalkpp/data/dbf/CASCADE_Quality_Results.load.json,564,e3804ea1842dbc65f6efabc81a0e14182d7a5674a521f8b3bd9fc8816c96ae79,0,0,1,D:/code/ccode.sidecar/holding/DBECO-20260810-001/dottalkpp/data/dbf/CASCADE_Quality_Results.load.json,verify_consumers_then_age_in_ccode_sidecar
DBECO-20260810-001,orphan.cascade_root_duplicate_mirror,duplicate_generated_output,candidate_not_approved,dottalkpp/data/dbf/CASCADE_Quality_Results.schema.copy.json,2846,a609a80cfb69d32bc275b8f60bb99b17fe4a4c13a07b413be31caef4e3100b66,0,0,1,D:/code/ccode.sidecar/holding/DBECO-20260810-001/dottalkpp/data/dbf/CASCADE_Quality_Results.schema.copy.json,verify_consumers_then_age_in_ccode_sidecar
DBECO-20260810-001,orphan.cascade_root_duplicate_mirror,duplicate_generated_output,candidate_not_approved,dottalkpp/data/dbf/CASCADE_Quality_Tests.dbf,1328,ae2b5d4efce431f5c3cfe2ad47a9c4cefd0191b0b03e5693b804b7156f36f401,0,0,1,D:/code/ccode.sidecar/holding/DBECO-20260810-001/dottalkpp/data/dbf/CASCADE_Quality_Tests.dbf,verify_consumers_then_age_in_ccode_sidecar
DBECO-20260810-001,orphan.cascade_root_duplicate_mirror,duplicate_generated_output,candidate_not_approved,dottalkpp/data/dbf/CASCADE_Quality_Tests.ddl.json,1290,5352e48e6f86e3924b688a227d6cf3e7a08a23c7afa1a1832b3e6b6bae39b377,0,0,1,D:/code/ccode.sidecar/holding/DBECO-20260810-001/dottalkpp/data/dbf/CASCADE_Quality_Tests.ddl.json,verify_consumers_then_age_in_ccode_sidecar
DBECO-20260810-001,orphan.cascade_root_duplicate_mirror,duplicate_generated_output,candidate_not_approved,dottalkpp/data/dbf/CASCADE_Quality_Tests.indexes.json,213,61b481005a1170e0e5de387968b50c3b29800d6ba9f8dcacd396e096cc3476d5,0,0,1,D:/code/ccode.sidecar/holding/DBECO-20260810-001/dottalkpp/data/dbf/CASCADE_Quality_Tests.indexes.json,verify_consumers_then_age_in_ccode_sidecar
DBECO-20260810-001,orphan.cascade_root_duplicate_mirror,duplicate_generated_output,candidate_not_approved,dottalkpp/data/dbf/CASCADE_Quality_Tests.load.json,558,7d439637ec5cbe80b8a37c5b0fac32cc7f6d583c705142582b86b5550edee632,0,0,1,D:/code/ccode.sidecar/holding/DBECO-20260810-001/dottalkpp/data/dbf/CASCADE_Quality_Tests.load.json,verify_consumers_then_age_in_ccode_sidecar
DBECO-20260810-001,orphan.cascade_root_duplicate_mirror,duplicate_generated_output,candidate_not_approved,dottalkpp/data/dbf/CASCADE_Quality_Tests.schema.copy.json,2121,90dce79e0e92a122d5289d76c99463e00623fa9fc94c0607d5c4134e7b2b240f,0,0,1,D:/code/ccode.sidecar/holding/DBECO-20260810-001/dottalkpp/data/dbf/CASCADE_Quality_Tests.schema.copy.json,verify_consumers_then_age_in_ccode_sidecar
DBECO-20260810-001,orphan.cascade_root_duplicate_mirror,duplicate_generated_output,candidate_not_approved,dottalkpp/data/dbf/CASCADE_Receiving.dbf,2173,b9874513841d062287210223b0b5e690a6aee7a8b98995e3bce80cd5ce66e781,0,0,1,D:/code/ccode.sidecar/holding/DBECO-20260810-001/dottalkpp/data/dbf/CASCADE_Receiving.dbf,verify_consumers_then_age_in_ccode_sidecar
DBECO-20260810-001,orphan.cascade_root_duplicate_mirror,duplicate_generated_output,candidate_not_approved,dottalkpp/data/dbf/CASCADE_Receiving.ddl.json,1588,10b44509cf2dc07d1ef7718e49eccdb27ceddead14cad6f5b071689433a09c40,0,0,1,D:/code/ccode.sidecar/holding/DBECO-20260810-001/dottalkpp/data/dbf/CASCADE_Receiving.ddl.json,verify_consumers_then_age_in_ccode_sidecar
DBECO-20260810-001,orphan.cascade_root_duplicate_mirror,duplicate_generated_output,candidate_not_approved,dottalkpp/data/dbf/CASCADE_Receiving.indexes.json,209,8fa1cb33cdcebce119e7a2ed7e0d03bf7d1c043d4856238fce9aa48afc486ca9,0,0,1,D:/code/ccode.sidecar/holding/DBECO-20260810-001/dottalkpp/data/dbf/CASCADE_Receiving.indexes.json,verify_consumers_then_age_in_ccode_sidecar
DBECO-20260810-001,orphan.cascade_root_duplicate_mirror,duplicate_generated_output,candidate_not_approved,dottalkpp/data/dbf/CASCADE_Receiving.load.json,546,029d9dbfc8b28c1fa228018df21041f1c04b1d4b12f482a61be2b8ea3aa3f5dc,0,0,1,D:/code/ccode.sidecar/holding/DBECO-20260810-001/dottalkpp/data/dbf/CASCADE_Receiving.load.json,verify_consumers_then_age_in_ccode_sidecar
DBECO-20260810-001,orphan.cascade_root_duplicate_mirror,duplicate_generated_output,candidate_not_approved,dottalkpp/data/dbf/CASCADE_Receiving.schema.copy.json,3856,da420229202e9df498c18d7a3a70d8ea2266647cf052ab49c020c042cac642c0,0,0,1,D:/code/ccode.sidecar/holding/DBECO-20260810-001/dottalkpp/data/dbf/CASCADE_Receiving.schema.copy.json,verify_consumers_then_age_in_ccode_sidecar
DBECO-20260810-001,orphan.cascade_root_duplicate_mirror,duplicate_generated_output,candidate_not_approved,dottalkpp/data/dbf/CASCADE_Routings.dbf,2579,8a161dcbeb94d218ed6c8577b4dcf602776d5dfcd6aa4280ed8cd7ce812fe163,0,0,1,D:/code/ccode.sidecar/holding/DBECO-20260810-001/dottalkpp/data/dbf/CASCADE_Routings.dbf,verify_consumers_then_age_in_ccode_sidecar
DBECO-20260810-001,orphan.cascade_root_duplicate_mirror,duplicate_generated_output,candidate_not_approved,dottalkpp/data/dbf/CASCADE_Routings.ddl.json,1555,4e0a1ed6f4da8d49a64063b355cb111e1f6a3e00cd044e40f3b4aebb350ba21e,0,0,1,D:/code/ccode.sidecar/holding/DBECO-20260810-001/dottalkpp/data/dbf/CASCADE_Routings.ddl.json,verify_consumers_then_age_in_ccode_sidecar
DBECO-20260810-001,orphan.cascade_root_duplicate_mirror,duplicate_generated_output,candidate_not_approved,dottalkpp/data/dbf/CASCADE_Routings.indexes.json,449,abcf31454f9e639e9ce284b2227adab5fef0762dea999cb3868566d3b42eac06,0,0,1,D:/code/ccode.sidecar/holding/DBECO-20260810-001/dottalkpp/data/dbf/CASCADE_Routings.indexes.json,verify_consumers_then_age_in_ccode_sidecar
DBECO-20260810-001,orphan.cascade_root_duplicate_mirror,duplicate_generated_output,candidate_not_approved,dottalkpp/data/dbf/CASCADE_Routings.load.json,543,25b8c9f9d0b89803a99a39946267d79876a659c4384031bd3b9334b3418d1453,0,0,1,D:/code/ccode.sidecar/holding/DBECO-20260810-001/dottalkpp/data/dbf/CASCADE_Routings.load.json,verify_consumers_then_age_in_ccode_sidecar
DBECO-20260810-001,orphan.cascade_root_duplicate_mirror,duplicate_generated_output,candidate_not_approved,dottalkpp/data/dbf/CASCADE_Routings.schema.copy.json,2819,fb41e4be035ec2907b181f2a4da439e1874ebf81045622defff64dad1f9b26a2,0,0,1,D:/code/ccode.sidecar/holding/DBECO-20260810-001/dottalkpp/data/dbf/CASCADE_Routings.schema.copy.json,verify_consumers_then_age_in_ccode_sidecar
DBECO-20260810-001,orphan.cascade_root_duplicate_mirror,duplicate_generated_output,candidate_not_approved,dottalkpp/data/dbf/CASCADE_Sales_Orders.dbf,2141,1541512b95004ebda6400ddda50919e584ee403693ae680477122895df3caba8,0,0,1,D:/code/ccode.sidecar/holding/DBECO-20260810-001/dottalkpp/data/dbf/CASCADE_Sales_Orders.dbf,verify_consumers_then_age_in_ccode_sidecar
DBECO-20260810-001,orphan.cascade_root_duplicate_mirror,duplicate_generated_output,candidate_not_approved,dottalkpp/data/dbf/CASCADE_Sales_Orders.ddl.json,2216,da7bd765da687e0d6f316a9dfd071771e4234ab05587b99dc99f751516ecb5ef,0,0,1,D:/code/ccode.sidecar/holding/DBECO-20260810-001/dottalkpp/data/dbf/CASCADE_Sales_Orders.ddl.json,verify_consumers_then_age_in_ccode_sidecar
DBECO-20260810-001,orphan.cascade_root_duplicate_mirror,duplicate_generated_output,candidate_not_approved,dottalkpp/data/dbf/CASCADE_Sales_Orders.indexes.json,436,9264e7107a85081bfa5568560d3a024d26f835002db738dfa28eb87b8a71d5fc,0,0,1,D:/code/ccode.sidecar/holding/DBECO-20260810-001/dottalkpp/data/dbf/CASCADE_Sales_Orders.indexes.json,verify_consumers_then_age_in_ccode_sidecar
DBECO-20260810-001,orphan.cascade_root_duplicate_mirror,duplicate_generated_output,candidate_not_approved,dottalkpp/data/dbf/CASCADE_Sales_Orders.load.json,555,5f36e877fc8c9113a47574541f3cfbf43032f872167b123898190eff2d336d2d,0,0,1,D:/code/ccode.sidecar/holding/DBECO-20260810-001/dottalkpp/data/dbf/CASCADE_Sales_Orders.load.json,verify_consumers_then_age_in_ccode_sidecar
DBECO-20260810-001,orphan.cascade_root_duplicate_mirror,duplicate_generated_output,candidate_not_approved,dottalkpp/data/dbf/CASCADE_Sales_Orders.schema.copy.json,3521,4a022388e5fb5682a6e24c6167b18b7582f2e8a2b77cae9a6d0bdae7057eee87,0,0,1,D:/code/ccode.sidecar/holding/DBECO-20260810-001/dottalkpp/data/dbf/CASCADE_Sales_Orders.schema.copy.json,verify_consumers_then_age_in_ccode_sidecar
DBECO-20260810-001,orphan.cascade_root_duplicate_mirror,duplicate_generated_output,candidate_not_approved,dottalkpp/data/dbf/CASCADE_Shipment_Lines.dbf,1047,5adbdb2f6e44da0374c9d51fed8d6d874b4338744cdebe3e0f77334cb4d8c1a7,0,0,1,D:/code/ccode.sidecar/holding/DBECO-20260810-001/dottalkpp/data/dbf/CASCADE_Shipment_Lines.dbf,verify_consumers_then_age_in_ccode_sidecar
DBECO-20260810-001,orphan.cascade_root_duplicate_mirror,duplicate_generated_output,candidate_not_approved,dottalkpp/data/dbf/CASCADE_Shipment_Lines.ddl.json,770,5ac5af8855fb7cf359d0a0ea7a74962a10870c1c692eab935ff9585942da0887,0,0,1,D:/code/ccode.sidecar/holding/DBECO-20260810-001/dottalkpp/data/dbf/CASCADE_Shipment_Lines.ddl.json,verify_consumers_then_age_in_ccode_sidecar
DBECO-20260810-001,orphan.cascade_root_duplicate_mirror,duplicate_generated_output,candidate_not_approved,dottalkpp/data/dbf/CASCADE_Shipment_Lines.indexes.json,214,160c33786a23a451efea477b95936e45f9393ad636a524c022ea99e4122be84e,0,0,1,D:/code/ccode.sidecar/holding/DBECO-20260810-001/dottalkpp/data/dbf/CASCADE_Shipment_Lines.indexes.json,verify_consumers_then_age_in_ccode_sidecar
DBECO-20260810-001,orphan.cascade_root_duplicate_mirror,duplicate_generated_output,candidate_not_approved,dottalkpp/data/dbf/CASCADE_Shipment_Lines.load.json,561,839d900a1ecbe9d938114af6bba37d0b9792eaaf320062ea69e23b9bea724e4f,0,0,1,D:/code/ccode.sidecar/holding/DBECO-20260810-001/dottalkpp/data/dbf/CASCADE_Shipment_Lines.load.json,verify_consumers_then_age_in_ccode_sidecar
DBECO-20260810-001,orphan.cascade_root_duplicate_mirror,duplicate_generated_output,candidate_not_approved,dottalkpp/data/dbf/CASCADE_Shipment_Lines.schema.copy.json,2057,4e151490e4f213f6f9a9aaaa60ab2ff02e1abc6cb0fb8e787adab13ab139b7da,0,0,1,D:/code/ccode.sidecar/holding/DBECO-20260810-001/dottalkpp/data/dbf/CASCADE_Shipment_Lines.schema.copy.json,verify_consumers_then_age_in_ccode_sidecar
DBECO-20260810-001,orphan.cascade_root_duplicate_mirror,duplicate_generated_output,candidate_not_approved,dottalkpp/data/dbf/CASCADE_Shipments.dbf,980,cc711ea11e5a988617b21c3ee1f413a7efb33c41475fa330b4860cf7552d1e17,0,0,1,D:/code/ccode.sidecar/holding/DBECO-20260810-001/dottalkpp/data/dbf/CASCADE_Shipments.dbf,verify_consumers_then_age_in_ccode_sidecar
DBECO-20260810-001,orphan.cascade_root_duplicate_mirror,duplicate_generated_output,candidate_not_approved,dottalkpp/data/dbf/CASCADE_Shipments.ddl.json,1157,d7e75c6285f98acd0126b344b4aced6d89e847f77084e3aa7d158cd8fbb79272,0,0,1,D:/code/ccode.sidecar/holding/DBECO-20260810-001/dottalkpp/data/dbf/CASCADE_Shipments.ddl.json,verify_consumers_then_age_in_ccode_sidecar
DBECO-20260810-001,orphan.cascade_root_duplicate_mirror,duplicate_generated_output,candidate_not_approved,dottalkpp/data/dbf/CASCADE_Shipments.indexes.json,209,00d9641d834a23addf8fc5fd30e4202f38b41bf967953590fa5cc123de73f499,0,0,1,D:/code/ccode.sidecar/holding/DBECO-20260810-001/dottalkpp/data/dbf/CASCADE_Shipments.indexes.json,verify_consumers_then_age_in_ccode_sidecar
DBECO-20260810-001,orphan.cascade_root_duplicate_mirror,duplicate_generated_output,candidate_not_approved,dottalkpp/data/dbf/CASCADE_Shipments.load.json,546,a46dff6647fa9b848172b87913ae8a8f3092aa8e23f2c9fa417c407d66efa469,0,0,1,D:/code/ccode.sidecar/holding/DBECO-20260810-001/dottalkpp/data/dbf/CASCADE_Shipments.load.json,verify_consumers_then_age_in_ccode_sidecar
DBECO-20260810-001,orphan.cascade_root_duplicate_mirror,duplicate_generated_output,candidate_not_approved,dottalkpp/data/dbf/CASCADE_Shipments.schema.copy.json,2418,95b7f9023cffe1245e5e62c65267b35ca53e90303754c33879b6b0b42b474b58,0,0,1,D:/code/ccode.sidecar/holding/DBECO-20260810-001/dottalkpp/data/dbf/CASCADE_Shipments.schema.copy.json,verify_consumers_then_age_in_ccode_sidecar
DBECO-20260810-001,orphan.cascade_root_duplicate_mirror,duplicate_generated_output,candidate_not_approved,dottalkpp/data/dbf/CASCADE_SO_Lines.dbf,3151,30b41f8b2169affa048194f6a21a915c9e36156a4de5059d68154ecc7e6f7d45,0,0,1,D:/code/ccode.sidecar/holding/DBECO-20260810-001/dottalkpp/data/dbf/CASCADE_SO_Lines.dbf,verify_consumers_then_age_in_ccode_sidecar
DBECO-20260810-001,orphan.cascade_root_duplicate_mirror,duplicate_generated_output,candidate_not_approved,dottalkpp/data/dbf/CASCADE_SO_Lines.ddl.json,1827,ab650b2879b628c20a4965c1e8a063eaad2279296b8f9fe399f4e242fcaf8d98,0,0,1,D:/code/ccode.sidecar/holding/DBECO-20260810-001/dottalkpp/data/dbf/CASCADE_SO_Lines.ddl.json,verify_consumers_then_age_in_ccode_sidecar
DBECO-20260810-001,orphan.cascade_root_duplicate_mirror,duplicate_generated_output,candidate_not_approved,dottalkpp/data/dbf/CASCADE_SO_Lines.indexes.json,447,e9a0c291f82a88d978b724c733c8d4699b134bd7656dbff90f55002fab849e93,0,0,1,D:/code/ccode.sidecar/holding/DBECO-20260810-001/dottalkpp/data/dbf/CASCADE_SO_Lines.indexes.json,verify_consumers_then_age_in_ccode_sidecar
DBECO-20260810-001,orphan.cascade_root_duplicate_mirror,duplicate_generated_output,candidate_not_approved,dottalkpp/data/dbf/CASCADE_SO_Lines.load.json,543,9907772787cf6c5b94ec6883005bf401648a826cc81520e3e4b7e644e6a1c1d1,0,0,1,D:/code/ccode.sidecar/holding/DBECO-20260810-001/dottalkpp/data/dbf/CASCADE_SO_Lines.load.json,verify_consumers_then_age_in_ccode_sidecar
DBECO-20260810-001,orphan.cascade_root_duplicate_mirror,duplicate_generated_output,candidate_not_approved,dottalkpp/data/dbf/CASCADE_SO_Lines.schema.copy.json,3249,b58527ad91f8f4cc119ef53c08c1e266d6d9d57bc26dc8f8da8d595992fd0543,0,0,1,D:/code/ccode.sidecar/holding/DBECO-20260810-001/dottalkpp/data/dbf/CASCADE_SO_Lines.schema.copy.json,verify_consumers_then_age_in_ccode_sidecar
DBECO-20260810-001,orphan.cascade_root_duplicate_mirror,duplicate_generated_output,candidate_not_approved,dottalkpp/data/dbf/CASCADE_Stock_Levels.dbf,4279,c22be313a8a0e092c5132fd6feb17d7168615c55a748c088660759505d572d8d,0,0,1,D:/code/ccode.sidecar/holding/DBECO-20260810-001/dottalkpp/data/dbf/CASCADE_Stock_Levels.dbf,verify_consumers_then_age_in_ccode_sidecar
DBECO-20260810-001,orphan.cascade_root_duplicate_mirror,duplicate_generated_output,candidate_not_approved,dottalkpp/data/dbf/CASCADE_Stock_Levels.ddl.json,1594,2897342e74b3eba5843906a2a9fa6b871683f599ecc2a248fbf5011544fbdbd4,0,0,1,D:/code/ccode.sidecar/holding/DBECO-20260810-001/dottalkpp/data/dbf/CASCADE_Stock_Levels.ddl.json,verify_consumers_then_age_in_ccode_sidecar
DBECO-20260810-001,orphan.cascade_root_duplicate_mirror,duplicate_generated_output,candidate_not_approved,dottalkpp/data/dbf/CASCADE_Stock_Levels.indexes.json,482,fc2da5571f8df1f56802e46a293dc3be19d8203b77e4f72bd643ff406a86260f,0,0,1,D:/code/ccode.sidecar/holding/DBECO-20260810-001/dottalkpp/data/dbf/CASCADE_Stock_Levels.indexes.json,verify_consumers_then_age_in_ccode_sidecar
DBECO-20260810-001,orphan.cascade_root_duplicate_mirror,duplicate_generated_output,candidate_not_approved,dottalkpp/data/dbf/CASCADE_Stock_Levels.load.json,555,0c6f9bf87a95e2e61660688d778e8e358db3836c3650ac62b3ff7cd44af316de,0,0,1,D:/code/ccode.sidecar/holding/DBECO-20260810-001/dottalkpp/data/dbf/CASCADE_Stock_Levels.load.json,verify_consumers_then_age_in_ccode_sidecar
DBECO-20260810-001,orphan.cascade_root_duplicate_mirror,duplicate_generated_output,candidate_not_approved,dottalkpp/data/dbf/CASCADE_Stock_Levels.schema.copy.json,2899,f38781a76e97d75547078bbdb0466bccf8edde1f24d2c91a2cfd65c3223fd8c7,0,0,1,D:/code/ccode.sidecar/holding/DBECO-20260810-001/dottalkpp/data/dbf/CASCADE_Stock_Levels.schema.copy.json,verify_consumers_then_age_in_ccode_sidecar
DBECO-20260810-001,orphan.cascade_root_duplicate_mirror,duplicate_generated_output,candidate_not_approved,dottalkpp/data/dbf/CASCADE_Time_Cards.dbf,2833,8cdd8da1b260b5ed27c9335dfcfa7fa3d122c93ab0d93461c21d9f7795275c4c,0,0,1,D:/code/ccode.sidecar/holding/DBECO-20260810-001/dottalkpp/data/dbf/CASCADE_Time_Cards.dbf,verify_consumers_then_age_in_ccode_sidecar
DBECO-20260810-001,orphan.cascade_root_duplicate_mirror,duplicate_generated_output,candidate_not_approved,dottalkpp/data/dbf/CASCADE_Time_Cards.ddl.json,1442,761f7e6c6a8035428867c28a84827eb4b53fe765a3317fdf74cd3c67b8444189,0,0,1,D:/code/ccode.sidecar/holding/DBECO-20260810-001/dottalkpp/data/dbf/CASCADE_Time_Cards.ddl.json,verify_consumers_then_age_in_ccode_sidecar
DBECO-20260810-001,orphan.cascade_root_duplicate_mirror,duplicate_generated_output,candidate_not_approved,dottalkpp/data/dbf/CASCADE_Time_Cards.indexes.json,210,c114a510ad33f5b15dd045ebe73cc47196c98f168009ed5e4f703ed84aa44aec,0,0,1,D:/code/ccode.sidecar/holding/DBECO-20260810-001/dottalkpp/data/dbf/CASCADE_Time_Cards.indexes.json,verify_consumers_then_age_in_ccode_sidecar
DBECO-20260810-001,orphan.cascade_root_duplicate_mirror,duplicate_generated_output,candidate_not_approved,dottalkpp/data/dbf/CASCADE_Time_Cards.load.json,549,400ae171d4f88109865705e4887f1278a9257a653033ee6d45645821d9e75a5c,0,0,1,D:/code/ccode.sidecar/holding/DBECO-20260810-001/dottalkpp/data/dbf/CASCADE_Time_Cards.load.json,verify_consumers_then_age_in_ccode_sidecar
DBECO-20260810-001,orphan.cascade_root_duplicate_mirror,duplicate_generated_output,candidate_not_approved,dottalkpp/data/dbf/CASCADE_Time_Cards.schema.copy.json,3199,37f9a1cbcea4a0b34f8dd5a0490e2b702c2c30e865fdfa3eeb8dac502b00d0c4,0,0,1,D:/code/ccode.sidecar/holding/DBECO-20260810-001/dottalkpp/data/dbf/CASCADE_Time_Cards.schema.copy.json,verify_consumers_then_age_in_ccode_sidecar
DBECO-20260810-001,orphan.cascade_root_duplicate_mirror,duplicate_generated_output,candidate_not_approved,dottalkpp/data/dbf/CASCADE_v_AP_Aging.dbf,1340,365b7c5d8ae619fc351e2781330ec4878b74bb737f2b914dd4842629b11df159,0,0,1,D:/code/ccode.sidecar/holding/DBECO-20260810-001/dottalkpp/data/dbf/CASCADE_v_AP_Aging.dbf,verify_consumers_then_age_in_ccode_sidecar
DBECO-20260810-001,orphan.cascade_root_duplicate_mirror,duplicate_generated_output,candidate_not_approved,dottalkpp/data/dbf/CASCADE_v_AP_Aging.ddl.json,1735,338d3b45e363bf0b5fd00a18c8af8a1a276e01e8e017c0d2b95a7917cabe2023,0,0,1,D:/code/ccode.sidecar/holding/DBECO-20260810-001/dottalkpp/data/dbf/CASCADE_v_AP_Aging.ddl.json,verify_consumers_then_age_in_ccode_sidecar
DBECO-20260810-001,orphan.cascade_root_duplicate_mirror,duplicate_generated_output,candidate_not_approved,dottalkpp/data/dbf/CASCADE_v_AP_Aging.indexes.json,210,a727c5549ab07d06849241b27b9ee28fb4aec354589cab056621f8c825026a08,0,0,1,D:/code/ccode.sidecar/holding/DBECO-20260810-001/dottalkpp/data/dbf/CASCADE_v_AP_Aging.indexes.json,verify_consumers_then_age_in_ccode_sidecar
DBECO-20260810-001,orphan.cascade_root_duplicate_mirror,duplicate_generated_output,candidate_not_approved,dottalkpp/data/dbf/CASCADE_v_AP_Aging.load.json,549,2e16b7974b5bdec2364199d2aba942684ee44f07f735acecd374b6a54c3c4218,0,0,1,D:/code/ccode.sidecar/holding/DBECO-20260810-001/dottalkpp/data/dbf/CASCADE_v_AP_Aging.load.json,verify_consumers_then_age_in_ccode_sidecar
DBECO-20260810-001,orphan.cascade_root_duplicate_mirror,duplicate_generated_output,candidate_not_approved,dottalkpp/data/dbf/CASCADE_v_AP_Aging.schema.copy.json,2226,2e77d00303b7c1a0e1dc603d750ea622acf5c911d8c8edd24ea6237dc6626bdd,0,0,1,D:/code/ccode.sidecar/holding/DBECO-20260810-001/dottalkpp/data/dbf/CASCADE_v_AP_Aging.schema.copy.json,verify_consumers_then_age_in_ccode_sidecar
DBECO-20260810-001,orphan.cascade_root_duplicate_mirror,duplicate_generated_output,candidate_not_approved,dottalkpp/data/dbf/CASCADE_v_AR_Aging.dbf,1506,65899fff58c54f61d0d4837ab2e71b41c82aae48835912e5b6e15fa2c1b27414,0,0,1,D:/code/ccode.sidecar/holding/DBECO-20260810-001/dottalkpp/data/dbf/CASCADE_v_AR_Aging.dbf,verify_consumers_then_age_in_ccode_sidecar
DBECO-20260810-001,orphan.cascade_root_duplicate_mirror,duplicate_generated_output,candidate_not_approved,dottalkpp/data/dbf/CASCADE_v_AR_Aging.ddl.json,1738,6a47b32de9c5138e7685ace82d492eb31b696c75615cfa4ac81ba0354ff11061,0,0,1,D:/code/ccode.sidecar/holding/DBECO-20260810-001/dottalkpp/data/dbf/CASCADE_v_AR_Aging.ddl.json,verify_consumers_then_age_in_ccode_sidecar
DBECO-20260810-001,orphan.cascade_root_duplicate_mirror,duplicate_generated_output,candidate_not_approved,dottalkpp/data/dbf/CASCADE_v_AR_Aging.indexes.json,210,f2fbcd1529fabbf46c3b98ed8e76f853436e5ae2b2e69f06526c8eb56e8c069a,0,0,1,D:/code/ccode.sidecar/holding/DBECO-20260810-001/dottalkpp/data/dbf/CASCADE_v_AR_Aging.indexes.json,verify_consumers_then_age_in_ccode_sidecar
DBECO-20260810-001,orphan.cascade_root_duplicate_mirror,duplicate_generated_output,candidate_not_approved,dottalkpp/data/dbf/CASCADE_v_AR_Aging.load.json,549,2af392e8c532e9f7468a260fd1be11d10ced853841975e7260fd596994bf0993,0,0,1,D:/code/ccode.sidecar/holding/DBECO-20260810-001/dottalkpp/data/dbf/CASCADE_v_AR_Aging.load.json,verify_consumers_then_age_in_ccode_sidecar
DBECO-20260810-001,orphan.cascade_root_duplicate_mirror,duplicate_generated_output,candidate_not_approved,dottalkpp/data/dbf/CASCADE_v_AR_Aging.schema.copy.json,2234,c45bd4e4ff79940d0ae597ba4ca01976539c91fa2698ce4b86685d76dfe5700d,0,0,1,D:/code/ccode.sidecar/holding/DBECO-20260810-001/dottalkpp/data/dbf/CASCADE_v_AR_Aging.schema.copy.json,verify_consumers_then_age_in_ccode_sidecar
DBECO-20260810-001,orphan.cascade_root_duplicate_mirror,duplicate_generated_output,candidate_not_approved,dottalkpp/data/dbf/CASCADE_v_Available_Stock.dbf,6733,8ff7076d8e02f63303f4607534f98a595b07bb33e4ca19cca684fd3c6eae5169,0,0,1,D:/code/ccode.sidecar/holding/DBECO-20260810-001/dottalkpp/data/dbf/CASCADE_v_Available_Stock.dbf,verify_consumers_then_age_in_ccode_sidecar
DBECO-20260810-001,orphan.cascade_root_duplicate_mirror,duplicate_generated_output,candidate_not_approved,dottalkpp/data/dbf/CASCADE_v_Available_Stock.ddl.json,2014,b8563e75ac671b99dd31bb7f2b73da6bb71eb3ce79490fc78374decd5f5046b4,0,0,1,D:/code/ccode.sidecar/holding/DBECO-20260810-001/dottalkpp/data/dbf/CASCADE_v_Available_Stock.ddl.json,verify_consumers_then_age_in_ccode_sidecar
DBECO-20260810-001,orphan.cascade_root_duplicate_mirror,duplicate_generated_output,candidate_not_approved,dottalkpp/data/dbf/CASCADE_v_Available_Stock.indexes.json,217,45bd9da51880e1877d035dd1e2b7e1cb57d8c19d622bd129ac6eaa82e9c938ba,0,0,1,D:/code/ccode.sidecar/holding/DBECO-20260810-001/dottalkpp/data/dbf/CASCADE_v_Available_Stock.indexes.json,verify_consumers_then_age_in_ccode_sidecar
DBECO-20260810-001,orphan.cascade_root_duplicate_mirror,duplicate_generated_output,candidate_not_approved,dottalkpp/data/dbf/CASCADE_v_Available_Stock.load.json,570,d9d4c7600775fe4da37dff44d37eb56e8970ed57553eaaec3fac6a8c2a1ec42c,0,0,1,D:/code/ccode.sidecar/holding/DBECO-20260810-001/dottalkpp/data/dbf/CASCADE_v_Available_Stock.load.json,verify_consumers_then_age_in_ccode_sidecar
DBECO-20260810-001,orphan.cascade_root_duplicate_mirror,duplicate_generated_output,candidate_not_approved,dottalkpp/data/dbf/CASCADE_v_Available_Stock.schema.copy.json,2486,f0d817be766a5dcd7903a3c552459b06301ac1308121e2bebda502a88aba7905,0,0,1,D:/code/ccode.sidecar/holding/DBECO-20260810-001/dottalkpp/data/dbf/CASCADE_v_Available_Stock.schema.copy.json,verify_consumers_then_age_in_ccode_sidecar
DBECO-20260810-001,orphan.cascade_root_duplicate_mirror,duplicate_generated_output,candidate_not_approved,dottalkpp/data/dbf/CASCADE_v_BOM_Explosion.dbf,3044,c5ab8f946a8ad60e8b923d03ba4f006ec1495e998e5dbe4acdb7db075d463b67,0,0,1,D:/code/ccode.sidecar/holding/DBECO-20260810-001/dottalkpp/data/dbf/CASCADE_v_BOM_Explosion.dbf,verify_consumers_then_age_in_ccode_sidecar
DBECO-20260810-001,orphan.cascade_root_duplicate_mirror,duplicate_generated_output,candidate_not_approved,dottalkpp/data/dbf/CASCADE_v_BOM_Explosion.ddl.json,1585,3091a591bdb8c989a65be2804c8c56aa5bbbdb99345121411f4de884d1b0b335,0,0,1,D:/code/ccode.sidecar/holding/DBECO-20260810-001/dottalkpp/data/dbf/CASCADE_v_BOM_Explosion.ddl.json,verify_consumers_then_age_in_ccode_sidecar
DBECO-20260810-001,orphan.cascade_root_duplicate_mirror,duplicate_generated_output,candidate_not_approved,dottalkpp/data/dbf/CASCADE_v_BOM_Explosion.indexes.json,215,efeb8791857a4290e521621aa4a79d816b2913941eaffb9aa4c1a8ed8fb1dded,0,0,1,D:/code/ccode.sidecar/holding/DBECO-20260810-001/dottalkpp/data/dbf/CASCADE_v_BOM_Explosion.indexes.json,verify_consumers_then_age_in_ccode_sidecar
DBECO-20260810-001,orphan.cascade_root_duplicate_mirror,duplicate_generated_output,candidate_not_approved,dottalkpp/data/dbf/CASCADE_v_BOM_Explosion.load.json,564,5de7a19d2c9029985b09ea6ac9093a8799e6c20b66304e9335b76863104d4dbb,0,0,1,D:/code/ccode.sidecar/holding/DBECO-20260810-001/dottalkpp/data/dbf/CASCADE_v_BOM_Explosion.load.json,verify_consumers_then_age_in_ccode_sidecar
DBECO-20260810-001,orphan.cascade_root_duplicate_mirror,duplicate_generated_output,candidate_not_approved,dottalkpp/data/dbf/CASCADE_v_BOM_Explosion.schema.copy.json,2109,085ed5e283f520f1630bae43cf5ce862668171da1c8082cc32f4947caf40a2aa,0,0,1,D:/code/ccode.sidecar/holding/DBECO-20260810-001/dottalkpp/data/dbf/CASCADE_v_BOM_Explosion.schema.copy.json,verify_consumers_then_age_in_ccode_sidecar
DBECO-20260810-001,orphan.cascade_root_duplicate_mirror,duplicate_generated_output,candidate_not_approved,dottalkpp/data/dbf/CASCADE_v_Open_Sales_Orders.dbf,1408,8b88c6fdc23cf1da204939e30b11b01322b8d4ca70a80132f5b79f7ac98d7c85,0,0,1,D:/code/ccode.sidecar/holding/DBECO-20260810-001/dottalkpp/data/dbf/CASCADE_v_Open_Sales_Orders.dbf,verify_consumers_then_age_in_ccode_sidecar
DBECO-20260810-001,orphan.cascade_root_duplicate_mirror,duplicate_generated_output,candidate_not_approved,dottalkpp/data/dbf/CASCADE_v_Open_Sales_Orders.ddl.json,1597,ee663c35a1eb79e333b66f0aacfd17f2d11bbc1600d18fde9dd5c5cf254307c4,0,0,1,D:/code/ccode.sidecar/holding/DBECO-20260810-001/dottalkpp/data/dbf/CASCADE_v_Open_Sales_Orders.ddl.json,verify_consumers_then_age_in_ccode_sidecar
DBECO-20260810-001,orphan.cascade_root_duplicate_mirror,duplicate_generated_output,candidate_not_approved,dottalkpp/data/dbf/CASCADE_v_Open_Sales_Orders.indexes.json,219,1f966d1a61527280c4baf27830f0d64d20ce8361f3c461f28cdf8aad17710a84,0,0,1,D:/code/ccode.sidecar/holding/DBECO-20260810-001/dottalkpp/data/dbf/CASCADE_v_Open_Sales_Orders.indexes.json,verify_consumers_then_age_in_ccode_sidecar
DBECO-20260810-001,orphan.cascade_root_duplicate_mirror,duplicate_generated_output,candidate_not_approved,dottalkpp/data/dbf/CASCADE_v_Open_Sales_Orders.load.json,576,d5868624c2ddb6cbb8fd7ac091abb74ce1f9573700748289c015368c83ee2bce,0,0,1,D:/code/ccode.sidecar/holding/DBECO-20260810-001/dottalkpp/data/dbf/CASCADE_v_Open_Sales_Orders.load.json,verify_consumers_then_age_in_ccode_sidecar
DBECO-20260810-001,orphan.cascade_root_duplicate_mirror,duplicate_generated_output,candidate_not_approved,dottalkpp/data/dbf/CASCADE_v_Open_Sales_Orders.schema.copy.json,2081,45f94bb2a070cf26eadce03e35d4ebe2946d6f637dadd13ba853bb037c7906d5,0,0,1,D:/code/ccode.sidecar/holding/DBECO-20260810-001/dottalkpp/data/dbf/CASCADE_v_Open_Sales_Orders.schema.copy.json,verify_consumers_then_age_in_ccode_sidecar
DBECO-20260810-001,orphan.cascade_root_duplicate_mirror,duplicate_generated_output,candidate_not_approved,dottalkpp/data/dbf/CASCADE_v_Reorder_Alert.dbf,3922,e03f99c435355021c6e156d443908e287702a15dffc0b860dd90bd72bf959749,0,0,1,D:/code/ccode.sidecar/holding/DBECO-20260810-001/dottalkpp/data/dbf/CASCADE_v_Reorder_Alert.dbf,verify_consumers_then_age_in_ccode_sidecar
DBECO-20260810-001,orphan.cascade_root_duplicate_mirror,duplicate_generated_output,candidate_not_approved,dottalkpp/data/dbf/CASCADE_v_Reorder_Alert.ddl.json,2012,49433fa4c69b7bcc37e69d14dc3200228b3d84b0379e1fde98322017c377fa5a,0,0,1,D:/code/ccode.sidecar/holding/DBECO-20260810-001/dottalkpp/data/dbf/CASCADE_v_Reorder_Alert.ddl.json,verify_consumers_then_age_in_ccode_sidecar
DBECO-20260810-001,orphan.cascade_root_duplicate_mirror,duplicate_generated_output,candidate_not_approved,dottalkpp/data/dbf/CASCADE_v_Reorder_Alert.indexes.json,215,d8b8143952274efedd6747eb091859ee6f45cc0d49e488d19ebcf39669845769,0,0,1,D:/code/ccode.sidecar/holding/DBECO-20260810-001/dottalkpp/data/dbf/CASCADE_v_Reorder_Alert.indexes.json,verify_consumers_then_age_in_ccode_sidecar
DBECO-20260810-001,orphan.cascade_root_duplicate_mirror,duplicate_generated_output,candidate_not_approved,dottalkpp/data/dbf/CASCADE_v_Reorder_Alert.load.json,564,a5507246c0b04c131c4d1c6d022df4430d2ec4d83640c982098d3383fd8f2e9c,0,0,1,D:/code/ccode.sidecar/holding/DBECO-20260810-001/dottalkpp/data/dbf/CASCADE_v_Reorder_Alert.load.json,verify_consumers_then_age_in_ccode_sidecar
DBECO-20260810-001,orphan.cascade_root_duplicate_mirror,duplicate_generated_output,candidate_not_approved,dottalkpp/data/dbf/CASCADE_v_Reorder_Alert.schema.copy.json,2170,588ed2494031d859d873ec85e1aa20e9621cb9683d8e149d9f80216c7ce561a2,0,0,1,D:/code/ccode.sidecar/holding/DBECO-20260810-001/dottalkpp/data/dbf/CASCADE_v_Reorder_Alert.schema.copy.json,verify_consumers_then_age_in_ccode_sidecar
DBECO-20260810-001,orphan.cascade_root_duplicate_mirror,duplicate_generated_output,candidate_not_approved,dottalkpp/data/dbf/CASCADE_v_Three_Way_Match.dbf,1438,a7f6638fb9e2adc61e449d1f05d978c2c1778568641ce909875c5b04ed57cc38,0,0,1,D:/code/ccode.sidecar/holding/DBECO-20260810-001/dottalkpp/data/dbf/CASCADE_v_Three_Way_Match.dbf,verify_consumers_then_age_in_ccode_sidecar
DBECO-20260810-001,orphan.cascade_root_duplicate_mirror,duplicate_generated_output,candidate_not_approved,dottalkpp/data/dbf/CASCADE_v_Three_Way_Match.ddl.json,1320,7c3196a8e06972e0da1a8a276fa1764a3152c32fac80447adbfafa20639d171a,0,0,1,D:/code/ccode.sidecar/holding/DBECO-20260810-001/dottalkpp/data/dbf/CASCADE_v_Three_Way_Match.ddl.json,verify_consumers_then_age_in_ccode_sidecar
DBECO-20260810-001,orphan.cascade_root_duplicate_mirror,duplicate_generated_output,candidate_not_approved,dottalkpp/data/dbf/CASCADE_v_Three_Way_Match.indexes.json,217,6b3ac467e7bc429e9941ef8b750c6d45f597597312d946c4e10226007cdf6075,0,0,1,D:/code/ccode.sidecar/holding/DBECO-20260810-001/dottalkpp/data/dbf/CASCADE_v_Three_Way_Match.indexes.json,verify_consumers_then_age_in_ccode_sidecar
DBECO-20260810-001,orphan.cascade_root_duplicate_mirror,duplicate_generated_output,candidate_not_approved,dottalkpp/data/dbf/CASCADE_v_Three_Way_Match.load.json,570,d2ad3ec217a89fad99b2de433e135c1cdf9879ddea4036f78eda0c068254870a,0,0,1,D:/code/ccode.sidecar/holding/DBECO-20260810-001/dottalkpp/data/dbf/CASCADE_v_Three_Way_Match.load.json,verify_consumers_then_age_in_ccode_sidecar
DBECO-20260810-001,orphan.cascade_root_duplicate_mirror,duplicate_generated_output,candidate_not_approved,dottalkpp/data/dbf/CASCADE_v_Three_Way_Match.schema.copy.json,2337,32a081af32bb34d50e1ff0ba43b82a808e7da6f0fa904a19f7ac871e8b470c5c,0,0,1,D:/code/ccode.sidecar/holding/DBECO-20260810-001/dottalkpp/data/dbf/CASCADE_v_Three_Way_Match.schema.copy.json,verify_consumers_then_age_in_ccode_sidecar
DBECO-20260810-001,orphan.cascade_root_duplicate_mirror,duplicate_generated_output,candidate_not_approved,dottalkpp/data/dbf/CASCADE_v_Trial_Balance.dbf,1801,a3ec5dc86c6a4d5b4f4d6843c3825f443eece99ba71d760eee87ec2310e0bfa2,0,0,1,D:/code/ccode.sidecar/holding/DBECO-20260810-001/dottalkpp/data/dbf/CASCADE_v_Trial_Balance.dbf,verify_consumers_then_age_in_ccode_sidecar
DBECO-20260810-001,orphan.cascade_root_duplicate_mirror,duplicate_generated_output,candidate_not_approved,dottalkpp/data/dbf/CASCADE_v_Trial_Balance.ddl.json,1182,59375aaae0aabf1716467c06c2019849c7347a395289b09612763de6bd67207b,0,0,1,D:/code/ccode.sidecar/holding/DBECO-20260810-001/dottalkpp/data/dbf/CASCADE_v_Trial_Balance.ddl.json,verify_consumers_then_age_in_ccode_sidecar
DBECO-20260810-001,orphan.cascade_root_duplicate_mirror,duplicate_generated_output,candidate_not_approved,dottalkpp/data/dbf/CASCADE_v_Trial_Balance.indexes.json,215,e509bcc78dc4f9df44359846b506b866d4b4b5a9ead59c5e955e88b1683c65c0,0,0,1,D:/code/ccode.sidecar/holding/DBECO-20260810-001/dottalkpp/data/dbf/CASCADE_v_Trial_Balance.indexes.json,verify_consumers_then_age_in_ccode_sidecar
DBECO-20260810-001,orphan.cascade_root_duplicate_mirror,duplicate_generated_output,candidate_not_approved,dottalkpp/data/dbf/CASCADE_v_Trial_Balance.load.json,564,9a02e34b82864f216ed9f28a7a907d8b616821471cc11a032f8377b4f70d024c,0,0,1,D:/code/ccode.sidecar/holding/DBECO-20260810-001/dottalkpp/data/dbf/CASCADE_v_Trial_Balance.load.json,verify_consumers_then_age_in_ccode_sidecar
DBECO-20260810-001,orphan.cascade_root_duplicate_mirror,duplicate_generated_output,candidate_not_approved,dottalkpp/data/dbf/CASCADE_v_Trial_Balance.schema.copy.json,1745,fdc66ae70007e2ff40c8498ac7a51b4fbd5a8832388b8f9a772c50dc55aead9c,0,0,1,D:/code/ccode.sidecar/holding/DBECO-20260810-001/dottalkpp/data/dbf/CASCADE_v_Trial_Balance.schema.copy.json,verify_consumers_then_age_in_ccode_sidecar
DBECO-20260810-001,orphan.cascade_root_duplicate_mirror,duplicate_generated_output,candidate_not_approved,dottalkpp/data/dbf/CASCADE_v_Work_Order_Status.dbf,1784,6aec45fb5b7d04270a0aed7fb81d6592bc9074589ba19b520b964dedda0e6ab5,0,0,1,D:/code/ccode.sidecar/holding/DBECO-20260810-001/dottalkpp/data/dbf/CASCADE_v_Work_Order_Status.dbf,verify_consumers_then_age_in_ccode_sidecar
DBECO-20260810-001,orphan.cascade_root_duplicate_mirror,duplicate_generated_output,candidate_not_approved,dottalkpp/data/dbf/CASCADE_v_Work_Order_Status.ddl.json,1710,5a82fd212728e027e334916e604a31767ae523ff05e5d13893fb33ce8d58ff6d,0,0,1,D:/code/ccode.sidecar/holding/DBECO-20260810-001/dottalkpp/data/dbf/CASCADE_v_Work_Order_Status.ddl.json,verify_consumers_then_age_in_ccode_sidecar
DBECO-20260810-001,orphan.cascade_root_duplicate_mirror,duplicate_generated_output,candidate_not_approved,dottalkpp/data/dbf/CASCADE_v_Work_Order_Status.indexes.json,219,f7dc0a66db925f910bf5500c9986019b15f5b2a732306699fcc1c8e41421d62c,0,0,1,D:/code/ccode.sidecar/holding/DBECO-20260810-001/dottalkpp/data/dbf/CASCADE_v_Work_Order_Status.indexes.json,verify_consumers_then_age_in_ccode_sidecar
DBECO-20260810-001,orphan.cascade_root_duplicate_mirror,duplicate_generated_output,candidate_not_approved,dottalkpp/data/dbf/CASCADE_v_Work_Order_Status.load.json,576,0abc52a6726402de900602375005229cf51bbec48ce2fe90fd8476308d7ab04c,0,0,1,D:/code/ccode.sidecar/holding/DBECO-20260810-001/dottalkpp/data/dbf/CASCADE_v_Work_Order_Status.load.json,verify_consumers_then_age_in_ccode_sidecar
DBECO-20260810-001,orphan.cascade_root_duplicate_mirror,duplicate_generated_output,candidate_not_approved,dottalkpp/data/dbf/CASCADE_v_Work_Order_Status.schema.copy.json,2102,276ed72610fd596f90b383d72466bf14fbbcb5d33a90b5415e60161a537afbcf,0,0,1,D:/code/ccode.sidecar/holding/DBECO-20260810-001/dottalkpp/data/dbf/CASCADE_v_Work_Order_Status.schema.copy.json,verify_consumers_then_age_in_ccode_sidecar
DBECO-20260810-001,orphan.cascade_root_duplicate_mirror,duplicate_generated_output,candidate_not_approved,dottalkpp/data/dbf/CASCADE_Vendor_Items.dbf,2494,c2f56fcd3f1ba9a893af3cd84eef204988516de860ccedd12efa28d5f01539ed,0,0,1,D:/code/ccode.sidecar/holding/DBECO-20260810-001/dottalkpp/data/dbf/CASCADE_Vendor_Items.dbf,verify_consumers_then_age_in_ccode_sidecar
DBECO-20260810-001,orphan.cascade_root_duplicate_mirror,duplicate_generated_output,candidate_not_approved,dottalkpp/data/dbf/CASCADE_Vendor_Items.ddl.json,1568,8a79f3165666e0ebb9b4a374eacd218f1678bbd3b85f38cab6079da4e1aafe1f,0,0,1,D:/code/ccode.sidecar/holding/DBECO-20260810-001/dottalkpp/data/dbf/CASCADE_Vendor_Items.ddl.json,verify_consumers_then_age_in_ccode_sidecar
DBECO-20260810-001,orphan.cascade_root_duplicate_mirror,duplicate_generated_output,candidate_not_approved,dottalkpp/data/dbf/CASCADE_Vendor_Items.indexes.json,455,16875efc932c78b5ba2c1bb2a8989c39c01173687c64ae1c450ba12f4217d4c3,0,0,1,D:/code/ccode.sidecar/holding/DBECO-20260810-001/dottalkpp/data/dbf/CASCADE_Vendor_Items.indexes.json,verify_consumers_then_age_in_ccode_sidecar
DBECO-20260810-001,orphan.cascade_root_duplicate_mirror,duplicate_generated_output,candidate_not_approved,dottalkpp/data/dbf/CASCADE_Vendor_Items.load.json,555,9b1ce7653bcdc5ff374d07b1c5279a539127cae7ec9b41e34617fcc8455e19bf,0,0,1,D:/code/ccode.sidecar/holding/DBECO-20260810-001/dottalkpp/data/dbf/CASCADE_Vendor_Items.load.json,verify_consumers_then_age_in_ccode_sidecar
DBECO-20260810-001,orphan.cascade_root_duplicate_mirror,duplicate_generated_output,candidate_not_approved,dottalkpp/data/dbf/CASCADE_Vendor_Items.schema.copy.json,2876,c34084c86fd767cc4fbc594d23a6783145a06cd05a28a1672c32fa8e5e4a0f2f,0,0,1,D:/code/ccode.sidecar/holding/DBECO-20260810-001/dottalkpp/data/dbf/CASCADE_Vendor_Items.schema.copy.json,verify_consumers_then_age_in_ccode_sidecar
DBECO-20260810-001,orphan.cascade_root_duplicate_mirror,duplicate_generated_output,candidate_not_approved,dottalkpp/data/dbf/CASCADE_Vendors.dbf,1850,b08aee0b8650b1bc958b739e2bebea641ecd9264e5b081ae727455d3af58ce61,0,0,1,D:/code/ccode.sidecar/holding/DBECO-20260810-001/dottalkpp/data/dbf/CASCADE_Vendors.dbf,verify_consumers_then_age_in_ccode_sidecar
DBECO-20260810-001,orphan.cascade_root_duplicate_mirror,duplicate_generated_output,candidate_not_approved,dottalkpp/data/dbf/CASCADE_Vendors.ddl.json,2156,a84d3c075c46bc9921f852989ca6abdf90dc90a4677698623d969f5e2518a4cc,0,0,1,D:/code/ccode.sidecar/holding/DBECO-20260810-001/dottalkpp/data/dbf/CASCADE_Vendors.ddl.json,verify_consumers_then_age_in_ccode_sidecar
DBECO-20260810-001,orphan.cascade_root_duplicate_mirror,duplicate_generated_output,candidate_not_approved,dottalkpp/data/dbf/CASCADE_Vendors.indexes.json,428,23643d5d20f448dc92c702696a875164bed05b02a79c4ea31c4567ae894ea450,0,0,1,D:/code/ccode.sidecar/holding/DBECO-20260810-001/dottalkpp/data/dbf/CASCADE_Vendors.indexes.json,verify_consumers_then_age_in_ccode_sidecar
DBECO-20260810-001,orphan.cascade_root_duplicate_mirror,duplicate_generated_output,candidate_not_approved,dottalkpp/data/dbf/CASCADE_Vendors.load.json,540,c15d4029ba2e77f0ad3274d16f4979fc99757f0339ea00f98ffcd6d3b26adf94,0,0,1,D:/code/ccode.sidecar/holding/DBECO-20260810-001/dottalkpp/data/dbf/CASCADE_Vendors.load.json,verify_consumers_then_age_in_ccode_sidecar
DBECO-20260810-001,orphan.cascade_root_duplicate_mirror,duplicate_generated_output,candidate_not_approved,dottalkpp/data/dbf/CASCADE_Vendors.schema.copy.json,2422,418036359f485088842fcac407d0aedf6d2b4134c109415344c4365380fcce9e,0,0,1,D:/code/ccode.sidecar/holding/DBECO-20260810-001/dottalkpp/data/dbf/CASCADE_Vendors.schema.copy.json,verify_consumers_then_age_in_ccode_sidecar
DBECO-20260810-001,orphan.cascade_root_duplicate_mirror,duplicate_generated_output,candidate_not_approved,dottalkpp/data/dbf/CASCADE_Warehouses.dbf,683,ae34a2019fd3ee0b242b03b7c2a85c5a230eacfa34ea68d93baa49d15a127041,0,0,1,D:/code/ccode.sidecar/holding/DBECO-20260810-001/dottalkpp/data/dbf/CASCADE_Warehouses.dbf,verify_consumers_then_age_in_ccode_sidecar
DBECO-20260810-001,orphan.cascade_root_duplicate_mirror,duplicate_generated_output,candidate_not_approved,dottalkpp/data/dbf/CASCADE_Warehouses.ddl.json,1135,fd8c48e1cf34da6b9019a1d0163557aa34684077c1704fbd0571295e04dbcc8f,0,0,1,D:/code/ccode.sidecar/holding/DBECO-20260810-001/dottalkpp/data/dbf/CASCADE_Warehouses.ddl.json,verify_consumers_then_age_in_ccode_sidecar
DBECO-20260810-001,orphan.cascade_root_duplicate_mirror,duplicate_generated_output,candidate_not_approved,dottalkpp/data/dbf/CASCADE_Warehouses.indexes.json,437,79cfe7a46063742e1081ddee8c9185d6246c652677e9967a75dd7a9b5728da33,0,0,1,D:/code/ccode.sidecar/holding/DBECO-20260810-001/dottalkpp/data/dbf/CASCADE_Warehouses.indexes.json,verify_consumers_then_age_in_ccode_sidecar
DBECO-20260810-001,orphan.cascade_root_duplicate_mirror,duplicate_generated_output,candidate_not_approved,dottalkpp/data/dbf/CASCADE_Warehouses.load.json,549,ba3150248f9db27517f42fed091a22cf9afcdaef1b83e74a54ced2e6c4d3428a,0,0,1,D:/code/ccode.sidecar/holding/DBECO-20260810-001/dottalkpp/data/dbf/CASCADE_Warehouses.load.json,verify_consumers_then_age_in_ccode_sidecar
DBECO-20260810-001,orphan.cascade_root_duplicate_mirror,duplicate_generated_output,candidate_not_approved,dottalkpp/data/dbf/CASCADE_Warehouses.schema.copy.json,1845,79baf40ff855ce6883da0b194b3df078bad428e2a846370fc1749ccecefeae99,0,0,1,D:/code/ccode.sidecar/holding/DBECO-20260810-001/dottalkpp/data/dbf/CASCADE_Warehouses.schema.copy.json,verify_consumers_then_age_in_ccode_sidecar
DBECO-20260810-001,orphan.cascade_root_duplicate_mirror,duplicate_generated_output,candidate_not_approved,dottalkpp/data/dbf/CASCADE_WO_Materials.dbf,2204,3dbc064426922079a5984ff985fdf4c4f8e75ca43368a9b412a623b69ae4c94b,0,0,1,D:/code/ccode.sidecar/holding/DBECO-20260810-001/dottalkpp/data/dbf/CASCADE_WO_Materials.dbf,verify_consumers_then_age_in_ccode_sidecar
DBECO-20260810-001,orphan.cascade_root_duplicate_mirror,duplicate_generated_output,candidate_not_approved,dottalkpp/data/dbf/CASCADE_WO_Materials.ddl.json,1036,d60f8bf688a9defe30395dc47fe563bc37256537d24a5d052a66740713663cef,0,0,1,D:/code/ccode.sidecar/holding/DBECO-20260810-001/dottalkpp/data/dbf/CASCADE_WO_Materials.ddl.json,verify_consumers_then_age_in_ccode_sidecar
DBECO-20260810-001,orphan.cascade_root_duplicate_mirror,duplicate_generated_output,candidate_not_approved,dottalkpp/data/dbf/CASCADE_WO_Materials.indexes.json,212,6318357f02fa2f794982aae2ef95020df6091b177c5cb936e99440c08ef1e785,0,0,1,D:/code/ccode.sidecar/holding/DBECO-20260810-001/dottalkpp/data/dbf/CASCADE_WO_Materials.indexes.json,verify_consumers_then_age_in_ccode_sidecar
DBECO-20260810-001,orphan.cascade_root_duplicate_mirror,duplicate_generated_output,candidate_not_approved,dottalkpp/data/dbf/CASCADE_WO_Materials.load.json,555,c35035f7db934cab31bff7456e26a50820eaa9f4bce6cfc9fe6cc87185a50e77,0,0,1,D:/code/ccode.sidecar/holding/DBECO-20260810-001/dottalkpp/data/dbf/CASCADE_WO_Materials.load.json,verify_consumers_then_age_in_ccode_sidecar
DBECO-20260810-001,orphan.cascade_root_duplicate_mirror,duplicate_generated_output,candidate_not_approved,dottalkpp/data/dbf/CASCADE_WO_Materials.schema.copy.json,2782,2d0511599cf3b84c6e1b1b0378cbd14b0ac0ab7ab20c907818308790a0c60e12,0,0,1,D:/code/ccode.sidecar/holding/DBECO-20260810-001/dottalkpp/data/dbf/CASCADE_WO_Materials.schema.copy.json,verify_consumers_then_age_in_ccode_sidecar
DBECO-20260810-001,orphan.cascade_root_duplicate_mirror,duplicate_generated_output,candidate_not_approved,dottalkpp/data/dbf/CASCADE_WO_Operations.dbf,2737,ac477222e6f66bb78af27c677e0053356a03bae06abf1b7453a1a229208791cf,0,0,1,D:/code/ccode.sidecar/holding/DBECO-20260810-001/dottalkpp/data/dbf/CASCADE_WO_Operations.dbf,verify_consumers_then_age_in_ccode_sidecar
DBECO-20260810-001,orphan.cascade_root_duplicate_mirror,duplicate_generated_output,candidate_not_approved,dottalkpp/data/dbf/CASCADE_WO_Operations.ddl.json,1435,a4bed3179ec3721646927935000f110a00a2dbee887f70107f1cdf9e27e3ce55,0,0,1,D:/code/ccode.sidecar/holding/DBECO-20260810-001/dottalkpp/data/dbf/CASCADE_WO_Operations.ddl.json,verify_consumers_then_age_in_ccode_sidecar
DBECO-20260810-001,orphan.cascade_root_duplicate_mirror,duplicate_generated_output,candidate_not_approved,dottalkpp/data/dbf/CASCADE_WO_Operations.indexes.json,213,573aebdc9037eee1e11b94356ce00f8d07c80722cf9dd51d026bd6634a7e53ed,0,0,1,D:/code/ccode.sidecar/holding/DBECO-20260810-001/dottalkpp/data/dbf/CASCADE_WO_Operations.indexes.json,verify_consumers_then_age_in_ccode_sidecar
DBECO-20260810-001,orphan.cascade_root_duplicate_mirror,duplicate_generated_output,candidate_not_approved,dottalkpp/data/dbf/CASCADE_WO_Operations.load.json,558,dca5c3a6a53a6f800179c28dbaf4c7f186cd55010d3b98ede92a80ba661660ec,0,0,1,D:/code/ccode.sidecar/holding/DBECO-20260810-001/dottalkpp/data/dbf/CASCADE_WO_Operations.load.json,verify_consumers_then_age_in_ccode_sidecar
DBECO-20260810-001,orphan.cascade_root_duplicate_mirror,duplicate_generated_output,candidate_not_approved,dottalkpp/data/dbf/CASCADE_WO_Operations.schema.copy.json,3303,eb6af0e9d40482fb4f23e60c4593df1e563dd709c2c2d93d15d0fb8e9028c05e,0,0,1,D:/code/ccode.sidecar/holding/DBECO-20260810-001/dottalkpp/data/dbf/CASCADE_WO_Operations.schema.copy.json,verify_consumers_then_age_in_ccode_sidecar
DBECO-20260810-001,orphan.cascade_root_duplicate_mirror,duplicate_generated_output,candidate_not_approved,dottalkpp/data/dbf/CASCADE_Work_Centers.dbf,1024,27844656805a802a0ca4957ba6254eae7fbaa2bbc6934f25ea7d3ab0947a0fc6,0,0,1,D:/code/ccode.sidecar/holding/DBECO-20260810-001/dottalkpp/data/dbf/CASCADE_Work_Centers.dbf,verify_consumers_then_age_in_ccode_sidecar
DBECO-20260810-001,orphan.cascade_root_duplicate_mirror,duplicate_generated_output,candidate_not_approved,dottalkpp/data/dbf/CASCADE_Work_Centers.ddl.json,1407,7a046107ea6a21521f78f31db7dec6b0abab10ae605e7bf39dd82760f752abe0,0,0,1,D:/code/ccode.sidecar/holding/DBECO-20260810-001/dottalkpp/data/dbf/CASCADE_Work_Centers.ddl.json,verify_consumers_then_age_in_ccode_sidecar
DBECO-20260810-001,orphan.cascade_root_duplicate_mirror,duplicate_generated_output,candidate_not_approved,dottalkpp/data/dbf/CASCADE_Work_Centers.indexes.json,438,c7b70cc3dab1f88319141ac7ad35d12fa9661538b8bb5dab107f41e65a7596fa,0,0,1,D:/code/ccode.sidecar/holding/DBECO-20260810-001/dottalkpp/data/dbf/CASCADE_Work_Centers.indexes.json,verify_consumers_then_age_in_ccode_sidecar
DBECO-20260810-001,orphan.cascade_root_duplicate_mirror,duplicate_generated_output,candidate_not_approved,dottalkpp/data/dbf/CASCADE_Work_Centers.load.json,555,7839c3350fe0e42134b6516773ed23486e6b1f5518fba4857e108a1a8a108c51,0,0,1,D:/code/ccode.sidecar/holding/DBECO-20260810-001/dottalkpp/data/dbf/CASCADE_Work_Centers.load.json,verify_consumers_then_age_in_ccode_sidecar
DBECO-20260810-001,orphan.cascade_root_duplicate_mirror,duplicate_generated_output,candidate_not_approved,dottalkpp/data/dbf/CASCADE_Work_Centers.schema.copy.json,1765,2595d6c344e05e9e14b6dbc2a7cff48e9dd5167bc3490e9fc51ac18b8adce1c9,0,0,1,D:/code/ccode.sidecar/holding/DBECO-20260810-001/dottalkpp/data/dbf/CASCADE_Work_Centers.schema.copy.json,verify_consumers_then_age_in_ccode_sidecar
DBECO-20260810-001,orphan.cascade_root_duplicate_mirror,duplicate_generated_output,candidate_not_approved,dottalkpp/data/dbf/CASCADE_Work_Orders.dbf,2405,2ee00bee1da534bd7a356924230656aa50fa2f338f752fe0063a5bd37b080fac,0,0,1,D:/code/ccode.sidecar/holding/DBECO-20260810-001/dottalkpp/data/dbf/CASCADE_Work_Orders.dbf,verify_consumers_then_age_in_ccode_sidecar
DBECO-20260810-001,orphan.cascade_root_duplicate_mirror,duplicate_generated_output,candidate_not_approved,dottalkpp/data/dbf/CASCADE_Work_Orders.ddl.json,2326,8f22b98eac1d8ebf573e0a1d1615ee74471b1d4848aef68e20b0609e5204184b,0,0,1,D:/code/ccode.sidecar/holding/DBECO-20260810-001/dottalkpp/data/dbf/CASCADE_Work_Orders.ddl.json,verify_consumers_then_age_in_ccode_sidecar
DBECO-20260810-001,orphan.cascade_root_duplicate_mirror,duplicate_generated_output,candidate_not_approved,dottalkpp/data/dbf/CASCADE_Work_Orders.indexes.json,434,8d4a82637057585a45f76ea83268a9d3e7e3eb51b5e4ed1dadcf70e8ce90cb8b,0,0,1,D:/code/ccode.sidecar/holding/DBECO-20260810-001/dottalkpp/data/dbf/CASCADE_Work_Orders.indexes.json,verify_consumers_then_age_in_ccode_sidecar
DBECO-20260810-001,orphan.cascade_root_duplicate_mirror,duplicate_generated_output,candidate_not_approved,dottalkpp/data/dbf/CASCADE_Work_Orders.load.json,552,fd75522a538feab54171737cda54b6943cb9ca56a5aebea21e90c2fa173f1589,0,0,1,D:/code/ccode.sidecar/holding/DBECO-20260810-001/dottalkpp/data/dbf/CASCADE_Work_Orders.load.json,verify_consumers_then_age_in_ccode_sidecar
DBECO-20260810-001,orphan.cascade_root_duplicate_mirror,duplicate_generated_output,candidate_not_approved,dottalkpp/data/dbf/CASCADE_Work_Orders.schema.copy.json,4091,c8d6e0c230bcf07f0ce92dbde4fd69589a47c167111491a2bda217dffe8d1e47,0,0,1,D:/code/ccode.sidecar/holding/DBECO-20260810-001/dottalkpp/data/dbf/CASCADE_Work_Orders.schema.copy.json,verify_consumers_then_age_in_ccode_sidecar
DBECO-20260810-001,orphan.lmdb_datadict_mananchor,misplaced_index_environment,candidate_not_approved,dottalkpp/data/lmdb/datadict/MANANCHOR.cdx.d/data.mdb,134217728,ae50087e5b9f96ac0697abe78fc11889455068e848b340a80234ae8c51860209,0,1,1,D:/code/ccode.sidecar/holding/DBECO-20260810-001/dottalkpp/data/lmdb/datadict/MANANCHOR.cdx.d/data.mdb,verify_consumer_then_age_in_ccode_sidecar
DBECO-20260810-001,orphan.lmdb_datadict_mananchor,misplaced_index_environment,candidate_not_approved,dottalkpp/data/lmdb/datadict/MANANCHOR.cdx.d/lock.mdb,8192,dd3a45b75d743a8ca181b34e8e915109ee54b05f80f88b48deefab63c8fb3dfa,0,1,1,D:/code/ccode.sidecar/holding/DBECO-20260810-001/dottalkpp/data/lmdb/datadict/MANANCHOR.cdx.d/lock.mdb,verify_consumer_then_age_in_ccode_sidecar
DBECO-20260810-001,orphan.m372e_art_probe,completed_probe_without_backing_dbf,candidate_not_approved,dottalkpp/data/indexes/M372E_ART.cdx,488,9b943e168a50611fb6e2ea6c2d7279db81ed1a20fb72a7c3ec242c87f780c4d3,0,0,1,D:/code/ccode.sidecar/holding/DBECO-20260810-001/dottalkpp/data/indexes/M372E_ART.cdx,retain_if_bound_to_accepted_proof_else_age_in_ccode_sidecar
DBECO-20260810-001,orphan.m372e_art_probe,completed_probe_without_backing_dbf,candidate_not_approved,dottalkpp/data/indexes/M372E_ART.cdx.meta,154,852b6cd16d8d1d0739f082dfee0748dbfa72051280dcb2d6366d0023b387d3b8,0,1,1,D:/code/ccode.sidecar/holding/DBECO-20260810-001/dottalkpp/data/indexes/M372E_ART.cdx.meta,retain_if_bound_to_accepted_proof_else_age_in_ccode_sidecar
DBECO-20260810-001,orphan.m372e_art_probe,completed_probe_without_backing_dbf,candidate_not_approved,dottalkpp/data/lmdb/M372E_ART.cdx.d/data.mdb,134217728,65b5a26b2a064435beaf3b31bb9614c89ae3bf5a15f907602b5d907127943701,0,1,1,D:/code/ccode.sidecar/holding/DBECO-20260810-001/dottalkpp/data/lmdb/M372E_ART.cdx.d/data.mdb,retain_if_bound_to_accepted_proof_else_age_in_ccode_sidecar
DBECO-20260810-001,orphan.m372e_art_probe,completed_probe_without_backing_dbf,candidate_not_approved,dottalkpp/data/lmdb/M372E_ART.cdx.d/lock.mdb,8192,4d63ec538d7e2e10de24d1c5d1e7d16d164da86c32d1cf80e6ec747684a22518,0,1,1,D:/code/ccode.sidecar/holding/DBECO-20260810-001/dottalkpp/data/lmdb/M372E_ART.cdx.d/lock.mdb,retain_if_bound_to_accepted_proof_else_age_in_ccode_sidecar
DBECO-20260810-001,orphan.autodbf_probe_lmdb,test_cleanup_gap,candidate_not_approved,dottalkpp/data/lmdb/adbf_cg_ok.cdx.d/data.mdb,134217728,ae50087e5b9f96ac0697abe78fc11889455068e848b340a80234ae8c51860209,0,1,1,D:/code/ccode.sidecar/holding/DBECO-20260810-001/dottalkpp/data/lmdb/adbf_cg_ok.cdx.d/data.mdb,repair_test_cleanup_then_age_existing_environments_in_ccode_sidecar
DBECO-20260810-001,orphan.autodbf_probe_lmdb,test_cleanup_gap,candidate_not_approved,dottalkpp/data/lmdb/adbf_cg_ok.cdx.d/lock.mdb,8192,88ed87f2e539293e94aa8e49328947dc481015be1c3a4c0e392dc4ac8a1ba8e8,0,1,1,D:/code/ccode.sidecar/holding/DBECO-20260810-001/dottalkpp/data/lmdb/adbf_cg_ok.cdx.d/lock.mdb,repair_test_cleanup_then_age_existing_environments_in_ccode_sidecar
DBECO-20260810-001,orphan.autodbf_probe_lmdb,test_cleanup_gap,candidate_not_approved,dottalkpp/data/lmdb/adbf_stillok.cdx.d/data.mdb,134217728,ae50087e5b9f96ac0697abe78fc11889455068e848b340a80234ae8c51860209,0,1,1,D:/code/ccode.sidecar/holding/DBECO-20260810-001/dottalkpp/data/lmdb/adbf_stillok.cdx.d/data.mdb,repair_test_cleanup_then_age_existing_environments_in_ccode_sidecar
DBECO-20260810-001,orphan.autodbf_probe_lmdb,test_cleanup_gap,candidate_not_approved,dottalkpp/data/lmdb/adbf_stillok.cdx.d/lock.mdb,8192,3120e733e8d21b40d9ea35a27a353d06d0fb368fb155db8d57d1338a4135eb5c,0,1,1,D:/code/ccode.sidecar/holding/DBECO-20260810-001/dottalkpp/data/lmdb/adbf_stillok.cdx.d/lock.mdb,repair_test_cleanup_then_age_existing_environments_in_ccode_sidecar
DBECO-20260810-001,orphan.zz_probe_indexes,named_probe_residue_without_backing_dbf,candidate_not_approved,dottalkpp/data/indexes/vfp/zz_probe_vfp.cnx,5960,b89f3f6b1f3a57dae70f5d81521429c63736c1747e26f99655c7c8f6a0c2d5fa,0,1,1,D:/code/ccode.sidecar/holding/DBECO-20260810-001/dottalkpp/data/indexes/vfp/zz_probe_vfp.cnx,verify_no_active_regression_dependency_then_age_in_ccode_sidecar
DBECO-20260810-001,orphan.zz_probe_indexes,named_probe_residue_without_backing_dbf,candidate_not_approved,dottalkpp/data/indexes/x32/zz_enroll_probe_x32.cnx,9840,5592a4d26143db0b6fc06c8ef8056b4bd9f5006137a4a04749bf4dca8dd38ae7,0,1,1,D:/code/ccode.sidecar/holding/DBECO-20260810-001/dottalkpp/data/indexes/x32/zz_enroll_probe_x32.cnx,verify_no_active_regression_dependency_then_age_in_ccode_sidecar
DBECO-20260810-001,orphan.zz_probe_indexes,named_probe_residue_without_backing_dbf,candidate_not_approved,dottalkpp/data/indexes/x32/zz_probe_x32.cnx,5952,cca159489a15773f21e754cf50d6b80fa139258671b039b94ab34b450f8c43b4,0,1,1,D:/code/ccode.sidecar/holding/DBECO-20260810-001/dottalkpp/data/indexes/x32/zz_probe_x32.cnx,verify_no_active_regression_dependency_then_age_in_ccode_sidecar
DBECO-20260810-001,orphan.zz_probe_indexes,named_probe_residue_without_backing_dbf,candidate_not_approved,dottalkpp/data/indexes/x64/zz_probe_x64.cdx,488,035f515256cfdbf47451f598d7e831284e1819b221d32b101881fd78480d0614,0,1,1,D:/code/ccode.sidecar/holding/DBECO-20260810-001/dottalkpp/data/indexes/x64/zz_probe_x64.cdx,verify_no_active_regression_dependency_then_age_in_ccode_sidecar
DBECO-20260810-001,orphan.zz_probe_indexes,named_probe_residue_without_backing_dbf,candidate_not_approved,dottalkpp/data/indexes/x64/zz_probe_x64.cdx.meta,155,0e05c43bdadff814afccc863f2036115a7719c958e0f1aa7a2abf697a2ac660b,0,1,1,D:/code/ccode.sidecar/holding/DBECO-20260810-001/dottalkpp/data/indexes/x64/zz_probe_x64.cdx.meta,verify_no_active_regression_dependency_then_age_in_ccode_sidecar
DBECO-20260810-001,orphan.generic_index_outputs,parser_or_probe_output_without_named_table_authority,candidate_not_approved,dottalkpp/data/docs/messaging/candidates/phase14_inactive_candidate_cdx_execution/indexes/table.cdx,200,95f4fa16f59d636c755a9b0787e2cb98be0e8ee09437678bfc26208517164bf7,0,1,1,D:/code/ccode.sidecar/holding/DBECO-20260810-001/dottalkpp/data/docs/messaging/candidates/phase14_inactive_candidate_cdx_execution/indexes/table.cdx,reconcile_generating_tests_then_age_in_ccode_sidecar
DBECO-20260810-001,orphan.generic_index_outputs,parser_or_probe_output_without_named_table_authority,candidate_not_approved,dottalkpp/data/indexes/metadata/SOURCE_COMMENT/table.cdx,488,af96a9e9fdbf8ccbfa879109fb3ba1a346f8eb9919a6a32b7f07bb00bb9a16b9,0,1,1,D:/code/ccode.sidecar/holding/DBECO-20260810-001/dottalkpp/data/indexes/metadata/SOURCE_COMMENT/table.cdx,reconcile_generating_tests_then_age_in_ccode_sidecar
DBECO-20260810-001,orphan.generic_index_outputs,parser_or_probe_output_without_named_table_authority,candidate_not_approved,dottalkpp/data/indexes/sandbox/table.cdx,18440,9b319d3b111d645a0bda224ed13fc1e6c68620bf3eac34bce5092bcdf2fd10bc,0,1,1,D:/code/ccode.sidecar/holding/DBECO-20260810-001/dottalkpp/data/indexes/sandbox/table.cdx,reconcile_generating_tests_then_age_in_ccode_sidecar
DBECO-20260810-001,orphan.generic_index_outputs,parser_or_probe_output_without_named_table_authority,candidate_not_approved,dottalkpp/data/indexes/table.cdx,6536,e01a289ea7c9b5b60a2f8cd3a0d13a9a584523d92f561e74a05706d46bd2e167,0,1,1,D:/code/ccode.sidecar/holding/DBECO-20260810-001/dottalkpp/data/indexes/table.cdx,reconcile_generating_tests_then_age_in_ccode_sidecar
DBECO-20260810-001,orphan.generic_index_outputs,parser_or_probe_output_without_named_table_authority,candidate_not_approved,dottalkpp/data/indexes/table.cnx,4384,5c233945e77761bf73d1361a6b28074bb4c42d1a5ec16c91ae8b63af71e3f5b6,0,1,1,D:/code/ccode.sidecar/holding/DBECO-20260810-001/dottalkpp/data/indexes/table.cnx,reconcile_generating_tests_then_age_in_ccode_sidecar
DBECO-20260810-001,orphan.generic_index_outputs,parser_or_probe_output_without_named_table_authority,candidate_not_approved,dottalkpp/data/indexes/TINY.cdx,200,95f4fa16f59d636c755a9b0787e2cb98be0e8ee09437678bfc26208517164bf7,0,0,1,D:/code/ccode.sidecar/holding/DBECO-20260810-001/dottalkpp/data/indexes/TINY.cdx,reconcile_generating_tests_then_age_in_ccode_sidecar
DBECO-20260810-001,orphan.generic_index_outputs,parser_or_probe_output_without_named_table_authority,candidate_not_approved,dottalkpp/data/indexes/vfp/table.cnx,4288,2b26137abec0f5f33ac57b58db0bdd38f5201f9e9532a0ab87fc89178e295af8,0,1,1,D:/code/ccode.sidecar/holding/DBECO-20260810-001/dottalkpp/data/indexes/vfp/table.cnx,reconcile_generating_tests_then_age_in_ccode_sidecar
DBECO-20260810-001,orphan.generic_index_outputs,parser_or_probe_output_without_named_table_authority,candidate_not_approved,dottalkpp/data/indexes/x32/table.cnx,4288,2b26137abec0f5f33ac57b58db0bdd38f5201f9e9532a0ab87fc89178e295af8,0,1,1,D:/code/ccode.sidecar/holding/DBECO-20260810-001/dottalkpp/data/indexes/x32/table.cnx,reconcile_generating_tests_then_age_in_ccode_sidecar
DBECO-20260810-001,orphan.generic_index_outputs,parser_or_probe_output_without_named_table_authority,candidate_not_approved,dottalkpp/data/indexes/x64/table.cdx,488,6fa18b47251aee469cbb9d6f4f0d110f578894ce0dff141f35a29c9abd219d00,0,1,1,D:/code/ccode.sidecar/holding/DBECO-20260810-001/dottalkpp/data/indexes/x64/table.cdx,reconcile_generating_tests_then_age_in_ccode_sidecar
