anchor_id,section,layer,layer_label,evidence_paths,manual_targets,target_manual,target_level,state,next_closure_action
ANCHOR-X64-TRINITY,core,source_contract,Source contract,include/xbase.hpp; include/xbase_vfp.hpp; include/xbase_64.hpp,Trinity Headers; xBase Lineage; x64 Workflow,developer; developer; developer,section; section; section,observed,"Harvest constants, structs, and compatibility rules into data dictionary rows."
ANCHOR-X64-VECTOR-NAMES,core,source_contract,Source contract,include/xbase_64.hpp,Vectored Table Names and Field Names,developer,section,candidate,"Add runtime proof for 128-byte names, self-describing `X64M` readback, and any longer-name compile-time policy if constants change."
ANCHOR-X64-MEMOS,core,source_contract,Source contract,include/memo/dtx_format.hpp; x64 memo code paths,Theoretical Limits; x64 Memo Limits,developer; developer,section; section,candidate,"Add proof scripts for memo object IDs, DTX attachment, readback, and failure boundaries."
ANCHOR-X64-INDEXING,core,runtime_indexing,Runtime/indexing,docs/manuals/developer/proofs/reader_manual_order_cdx_v2.transcript.txt; docs/manuals/developer/proofs/reader_manual_order_cnx_v1.transcript.txt; x64 index source,"Indexes, CNX, CDX, and SET ORDER",developer,section,proven_candidate,Keep CDX/SET ORDER proof promoted; separately harvest x64 theoretical index limits.
ANCHOR-HELP-COMMANDS,core,help_runtime,HELP runtime,dottalkpp/data/help/COMMANDS.dbf,Commands and Functions Reference,command_reference,section,observed,Generate command reference pages from COMMANDS plus META identity and proof state.
ANCHOR-HELP-CMDARGS,core,help_runtime,HELP runtime,dottalkpp/data/help/CMD_ARGS.dbf,Command syntax and arguments,command_reference,section,observed,Join command rows to argument rows; flag arguments without proof examples.
ANCHOR-HELP-TOPICS,core,help_runtime,HELP runtime,dottalkpp/data/help/HELP_TOPIC.dbf,Help topics and reader navigation,developer,section,observed,Map topic rows to manual sections and remove orphan topics or mark as internal.
ANCHOR-HELP-ARTIFACTS,core,help_runtime,HELP runtime,dottalkpp/data/help/HELP_ARTIFACTS.dbf; dottalkpp/data/help/HELP_ARTIFACTS.dtx,Embedded help artifacts,developer,section,observed,"Classify artifacts as reader, developer, legacy, or case-study material."
ANCHOR-META-COLLECT,core,meta_semantic,META semantic layer,include/dt/meta/metafact.hpp; include/dt/meta/metacollect.hpp; x64base/src/tools/metacollect_main.cpp; metacollect_facts.csv; metacollect_compare.csv,Manual evidence and command identity,developer,section,observed,Re-run collection and compare facts before promotion.
ANCHOR-CMDHELPCHK,core,validation,Validation,dottalkpp/tools/help/cmdhelpchk_v2_scan.py; dottalkpp/scripts/maintenance/lanes/cmdhelpchk,HELP/META alignment,developer,section,observed,Use report-only checks as a gate before regenerating command/function sections.
ANCHOR-COMMAND-USAGE-HARVEST,core,source_usage_contracts,Source usage contracts,DOTTALKPP_COMMAND_REFERENCE_GUIDE_V1.md; docs/manuals/command_reference/COMMAND_REFERENCE_USAGE_CONTRACT_HARVEST_V1.md; docs/manuals/command_reference/command_reference_guide_v1.csv; docs/manuals/command_reference/command_reference_usage_contract_harvest_v1.csv; source @dottalk.usage v1 blocks,Commands and Functions Reference,command_reference,section,observed,Join source usage contracts with HELP/META rows and runtime proof state before reader promotion.
ANCHOR-MANUAL-DIAGRAMS,core,visual_manual_assets,Visual/manual assets,docs/manuals/assets/diagrams/MANUAL_DIAGRAM_ASSET_REGISTRY_V1.md; docs/manuals/assets/diagrams/manual_diagram_asset_registry_v1.csv; docs/manuals/assets/diagrams/*.svg,Visual Manual Assets; Evidence Anchors and Manual Generation; section-level diagrams,developer; developer; developer,section; section; section,observed,Embed diagrams into relevant manual sections only after checking that each visual claim matches its section anchor and maturity state.
ANCHOR-SELFDOC-POLICY,core,selfdoc_policy,SelfDoc policy,selfdoc/SELFDOC_ARTIFACT_LIFECYCLE_POLICY_v0.md; selfdoc/SELFDOC_COLLECTION_IMPERFECTION_POLICY_v0.md; selfdoc/SELFDOC_EXTERNAL_TOOL_INTAKE_POLICY_v0.md; selfdoc/SELFDOC_INVENTORY_PROBE_PLAN_v0.md; selfdoc/pipeline_manifest.yaml; selfdoc/tool_manifest.yaml,Developer Appendix; provenance rules,developer; developer,section; section,observed,Add policy excerpts to developer manual only; keep reader copy concise.
ANCHOR-MANUALGEN-LIFECYCLE,core,manualgen,Manualgen,docs/manuals/developer/manualgen/MDO-*.md; docs/manuals/developer/manualgen/PIP-*.md; docs/manuals/developer/manualgen/accepted_catalogs,Developer manual lifecycle,developer,section,observed,"Normalize latest lifecycle state into a compact ""how manuals are made"" section."
ANCHOR-MANUALGEN-CATALOG,core,manualgen_catalog,Manualgen catalog,docs/manuals/developer/manualgen/accepted_catalogs,Published manual references,developer,section,drift,Repair or waive duplicate `EXTRA_MAN_DBF` visibility before calling catalog status clean.
ANCHOR-DATADICT-SCHEMAS,core,data_dictionary,Data dictionary,docs/datadict/reports; include/datadict; include/cli/cmd_ddict.hpp,Data Dictionaries,developer,chapter,observed,"Map schema proof reports to dictionary entities, fields, relations, and evidence rows."
ANCHOR-RUNTIME-PROOFS,core,runtime_proof,Runtime proof,docs/manuals/developer/proofs,Promoted command paths,developer,section,proven,"Keep transcript filenames in manual sections and promote only successful, repeatable paths."
ANCHOR-LABTALK-CASES,core,case_overlay,Case/manual overlay,docs/cases; LabTalk catalog docs,LabTalk Case Catalog,developer,chapter,observed,"Keep cases as optional educational overlays, not runtime dependencies."
ANCHOR-X64BASE-README,core,project_positioning,Project positioning,x64base/README.md; x64base/README_NEW.md; attached README harvest text,What DotTalk++ Is; History; Educational Purpose; Design Philosophy; Working Model; Current Status Snapshot,reader; reader; reader; reader; reader; reader,chapter; chapter; chapter; chapter; chapter; chapter,observed,Keep overview prose curated and reader-facing; verify volatile status claims before release.
ANCHOR-CURSOR-WORKAREAS,core,runtime_state,Runtime state,src/cli/workareas.hpp; src/cli/cmd_recno.cpp; src/browser/browser_builders.cpp; cursor/status messages,Work Areas and Cursor Control,developer,chapter,observed,"Add proof scripts for `RECNO`, `GOTO`, `SKIP`, current-area selection, and cursor restoration."
ANCHOR-LOCKING,core,concurrency,Concurrency,src/cli/cmd_lock.cpp; src/cli/cmd_unlock.cpp; include/xbase_locks.hpp; lock help messages,Record and Table Locking,developer,chapter,observed,"Add runtime proof for record lock, table lock, status, ownership, failed mutation under lock, and unlock."
ANCHOR-TABLE-BUFFER,core,buffering,Buffering,src/cli/table_buffer.cpp; include/cli/table_state.hpp; include/cli/table_write.hpp; table-buffer help messages,Table Buffering,developer,chapter,observed,"Add proof scripts for buffer on/off, dirty/clean/stale/fresh, buffered `REPLACE`, `COMMIT`, and `ROLLBACK`."
ANCHOR-COMMIT-ROLLBACK,core,transaction_lifecycle,Transaction-like lifecycle,src/cli/cmd_commit.cpp; src/cli/cmd_rollback.cpp; src/cli/table_state.cpp,Commit and Rollback,developer,chapter,observed,Promote current RAM-buffer semantics; mark persistent journal hooks as future/stub until proven.
ANCHOR-SQLSEL-SURFACE,spine,source_usage_contracts,Source usage contracts,docs/manuals/user/sqlsel.md; docs/manuals/assimilation/sqlsel-state-of-the-surface.md; src/cli/sqlsel_statement.hpp; src/cli/sqlsel_statement.cpp; src/cli/cmd_sql_help.cpp,SQLsel: typed SQL over x64base work areas; SQL conformance boundary,developer; developer,chapter; section,observed,Bind the user chapter to the SQLite oracle transcripts; state which SELECT clauses are refused rather than unimplemented.
ANCHOR-WORKSPACES-MINIDB,spine,runtime_state,Runtime state,docs/manuals/user/workspaces-and-minidbs.md; src/cli/cmd_workspace.cpp; src/workspace/schema_workspace.cpp; include/xbase/workspace_membership.hpp,Workspaces and MiniDBs; Workspace catalog and durable identity,developer; developer,chapter; section,observed,Reconcile the chapter against the full WORKSPACE verb list; the June command guide lists six of twenty-one.
ANCHOR-BUILD-SYSTEM,spine,build_toolchain,Build/toolchain,docs/manuals/developer/dev/dev-21-build-system.md; CMakePresets.json; CMakeLists.txt; build.ps1; BUILDING.md; vcpkg.json,Build System; Getting Started: Installation,developer; reader,chapter; chapter,observed,Bind the chapter's measured landmines to preset names; re-verify platform status each release.
ANCHOR-UIDEF-LANGUAGE,spine,ui_contract,UI contract,docs/manuals/developer/dev/dev-22-uidef-gui-language.md; gui/uidef/; src/cli/app_gui.cpp,The UIDEF GUI Language; Application UI DSL lane,developer; developer,chapter; chapter,observed,"Resolve section 17 of the chapter, where the chapter and the v1 contract disagree out loud."
ANCHOR-DOTSCRIPT,spine,script_surface,Script surface,docs/manuals/developer/dev/dev-06-dotscript.md; DOTSCRIPT_README_TESTING.md; samples/,DotScript; DotScript Language Guide,developer; developer,chapter; chapter,deferred,dev-06 is 543 bytes against a published language-guide page; harvest the script grammar before promotion.
ANCHOR-EXPRESSION-FUNCTIONS,spine,expression_engine,Expression engine,docs/manuals/developer/dev/dev-11-expression-engine.md; src/cli/expr/; dottalkpp/data/metadata/SYSFUNC.dbf; dottalkpp/data/scripts/metadata/SYSFUNC_IMPORT_v1.csv; dottalkpp/data/scripts/metadata/SYSFUNC_SEED_v1.dts,Expression Engine; Function Catalog,developer; command_reference,chapter; section,observed,Join SYSFUNC rows to proof state; AIF-117 is open against the bare-predicate path and must be cited as a caveat. Evidence retargeted 2026-09-16 to the schema-intended metadata lane. Dropped: harvested/META_SYSFUNC.csv -- gitignored derived output. Dropped: root SYSFUNC_IMPORT_v1.csv -- an UNTRACKED STALE DUPLICATE (30722 B / 2026-06-27) of the tracked schema-placed file (35446 B / 2026-08-14). Regenerate the harvest with EXPFUNCS. No accepted catalog carries function rows -- man_catalog_v1 is the MANUAL catalog and command_reference_artifact_v1.json has zero function entries.
ANCHOR-RELATIONS-ERSATZ,spine,relational_traversal,Relational traversal,docs/manuals/developer/dev/dev-12-relations-workspaces-and-tuple-traversal.md; src/cli/set_relations.cpp; src/xbase/relation_wire.cpp; src/browser/browser_relation_adapter.cpp,"Relations, Workspaces, and Tuple Traversal; RelTalk",developer; developer,chapter; chapter,observed,Promote the Cascade double-milestone transcripts where SET RELATION and SQLsel agreed on one 34-table graph.
ANCHOR-TUPLE-PROJECTION,spine,projection_surface,Projection surface,src/cli/cmd_tuple.hpp; src/cli/tuple_types.hpp; src/cli/db_tuple_stream.cpp,"TupTalk; Tuple projections, export, and validation",developer; developer,chapter; section,observed,"Add proof scripts for projection, export, and relation-aware row output before reader promotion."
ANCHOR-BROWSERS-WORKBENCH,spine,front_end,Front end,docs/manuals/developer/dev/dev-13-browsers-and-tui.md; src/browser/; src/tv/; src/gui/wx/,Browsers and TUI; Arctic TUI; Parallel GUI/TUI,developer; developer; developer,chapter; chapter; chapter,observed,"Keep the open-architecture rule visible: the runtime owns truth, the front ends consume it."
ANCHOR-REGRESSION-SUITE,spine,validation,Validation,docs/manuals/developer/dev/dev-16-smoke-tests-and-canaries.md; src/cli/cmd_regression.cpp; x64base-site/scripts/engine-capabilities-v1.json,Smoke Tests and Canaries; Regression and Proof Testing,developer; developer,chapter; section,observed,kRegressionSpecs is the capability authority the website sweep already consumes; bind the manual to the same list.
ANCHOR-PYTHON-BINDINGS,spine,binding_surface,Binding surface,bindings/pydottalk/; pycrud/; build_pydottalk.ps1,"Python Integration; pydottalk, pydottalk_api, pycrud",developer; developer,chapter; section,observed,Separate proven binding calls from development possibilities; the published page already makes that split.
ANCHOR-EXTERNAL-REFERENCES,spine,reference_catalog,Reference catalog,docs/manuals/developer/dev/dev-23-external-references.md; include/dotref.hpp; include/foxref.hpp,External References; Reference-header policy,developer; developer,chapter; section,drift,The file is dev-23 and its own H1 still reads DEV-19; repair the heading before this anchor leaves drift.
ANCHOR-DATA-MUTATORS,spine,mutation_surface,Mutation surface,src/cli/cmd_replace.cpp; src/cli/cmd_replace_multi.cpp; src/cli/cmd_calc.cpp; src/cli/cmd_calcwrite.cpp,"Data Mutators; REPLACE, CALC, CALCWRITE, MULTIREP",developer; developer,chapter; section,observed,Carry AIF-117's F1 finding as a caveat: a REPLACE whose right-hand side fails stores blank and reports success.
ANCHOR-PRIMARY-KEYS,website,key_policy,Key policy,src/cli/unique_registry.cpp; src/cli/cmd_setunique.cpp; src/xbase/x64_field_meta.cpp; x64base-site/content/docs/engine/primary-keys.mdx,"Primary Keys: policy, proof, and boundary",developer,chapter,deferred,The site states generate/reserve/refuse with a named spec for each; the manual has no primary-key section at all.
ANCHOR-ERROR-IDENTITY,website,error_contract,Error contract,src/cli/xbase_error_codes.cpp; src/cli/cmd_error_status.cpp; src/cli/help_errors.hpp; x64base-site/content/docs/engine/error-codes.mdx,"Error Codes; Severity, facility, and code",developer; developer,chapter; section,deferred,HRESULT-style error identity is published and unmentioned in the manual; harvest the code table from source.
ANCHOR-IDENTITY-RBAC,website,security,Security,src/identity/identity_dbf_store.cpp; src/identity/identity_admin.cpp; src/identity/identity_bootstrap.cpp; x64base-site/content/docs/engine/identity-security.mdx,"Identity, Authentication, and RBAC",developer,chapter,deferred,"USER store, sessions, roles, and owner-gated administration are published; no manual chapter exists."
ANCHOR-MESSAGING-LOCALE,website,messaging,Messaging,src/cli/message_catalog.cpp; src/help/locale_spine_catalog.cpp; src/cli/cmd_msgmgr.cpp; x64base-site/content/docs/engine/messaging-and-localization.mdx,Messaging and Localization,developer,chapter,deferred,The locale spine was promoted and announced; the manual spine never gained a chapter for it.
ANCHOR-INMEMORY-VDISK,website,storage_substrate,Storage substrate,src/cli/cmd_vdisk.cpp; src/cli/vdisk_config.cpp; include/cli/vdisk_config.hpp; x64base-site/content/docs/engine/in-memory-databases.mdx; x64base-site/content/docs/engine/ram-dbf-vdisk.mdx,In-Memory Databases; RAM DBF and VDISK,developer; developer,chapter; section,deferred,"Two published pages, no manual section; bind lifetime and visibility rules to the VDISK source before promotion."
ANCHOR-ENGINE-API,website,api_boundary,API boundary,include/xbase.hpp; include/xbase_64.hpp; include/xbase_vfp.hpp; x64base-site/content/docs/engine/api-reference.mdx,Open Engine API Reference,developer,chapter,deferred,The site publishes public API boundaries; decide whether this is its own chapter or an appendix to the trinity anchor.
ANCHOR-BENCHMARKS,website,performance,Performance,src/cli/cmd_regression.cpp; src/cli/db_tuple_stream.hpp; x64base-site/content/docs/engine/pinocchio-benchmarks.mdx,Pinocchio Engine Benchmarks,developer,chapter,deferred,The published page already states its evidence limits and machine-identity rules; do not promote numbers without a rerun.
ANCHOR-ECOSYSTEM-POSITION,website,positioning,Positioning,x64base-site/content/docs/engine/xbase-ecosystem-context.mdx; x64base-site/content/docs/engine/ecosystem-feature-comparison.mdx; README.md,xBase Ecosystem Context; Feature comparison,developer; developer,chapter; section,deferred,Comparison claims about other products age fastest of anything published; date them or keep them off the manual.
ANCHOR-ACID-BOUNDARY,website,durability,Durability,include/xbase/durable.hpp; src/cli/cmd_commit.cpp; src/cli/cmd_rollback.cpp; x64base-site/content/docs/engine/acid-and-glass-box.mdx,ACID and the Glass-Box Engine,developer,chapter,deferred,"Consumer of ANCHOR-COMMIT-ROLLBACK; durable.hpp names the compaction gap itself, which belongs in the caveat."
ANCHOR-DBF-PATH-POLICY,website,path_policy,Path policy,DOTTALKPP_DBF_PATH_POLICY.md; src/cli/cmd_setpath.cpp; config/,Path policy and the sys layout,developer,section,deferred,Owner-flagged 2026-09-14: the website describes paths but never references the current sys layout. No page owns this yet.
ANCHOR-NAMING-CONVENTIONS,website,house_convention,House convention,include/conventions.hpp; docs/manuals/developer/dev/dev-17-contributor-rules.md; x64base-site/content/docs/dev/naming-conventions.mdx,Naming Conventions,developer,chapter,deferred,Published as a site page with no manual counterpart; fold into the contributor chapter or give it its own.
ANCHOR-COINED-VOCABULARY,website,glossary,Glossary,labtalk/ai_portal/AI_GLOSSARY_V1.md; x64base-site/content/docs/dev/coined-vocabulary.mdx; x64base-site/content/docs/dev/coined-vocabulary-index.mdx,Coined Vocabulary; Global glossary,developer; developer,chapter; section,observed,The developer README already names this the global glossary for all manuals; it has never had an anchor.
ANCHOR-AI-PORTAL,website,agent_interface,Agent interface,AI_PORTAL.md; AI_README.md; docs/ai-friendly/; x64base-site/content/portal/schemas.mdx,AI Portal; Registered schemas and identity crosswalk,developer; developer,chapter; section,deferred,Nineteen registered schemas are published; decide whether the portal belongs in the developer manual or stays external.
ANCHOR-FRONTAL-MEMORY,website,research_lane,Research lane,x64base-site/content/memory/overview.mdx; x64base-site/content/memory/roadmap.mdx; x64base-site/content/memory/team-model.mdx,Frontal Memory,developer,chapter,deferred,Three published pages with no source lane and no manual section; confirm this is a thesis surface before anchoring deeper.
ANCHOR-PERFORMANCE,website,performance,Performance,docs/maintenance/ENGINE_PERF_PDLC_LANE_V1.md; docs/manuals/user/performance.md; dottalkpp/data/scripts/sqlsel_parallel_regression.dts; x64base-site/content/docs/engine/pinocchio-benchmarks.mdx,Performance; Pinocchio Engine Benchmarks,user; developer,chapter; chapter,observed,"Keep the user chapter and the benchmarks page tied to ONE source (the lane record): numbers move only by transcription from it; the owed sections (memory; disk; topology) become anchored evidence before they become prose."
