ATTRID,OBJID,ATTRNAME,ATTRVAL,ATTRMEMO,EVID
ATTR_A9A0F923A4963608A82D,OBJ_A05DB9F99A7AD6B36069,primary_key,RUNID,,
ATTR_4059EBBFA7545B1070AA,OBJ_A05DB9F99A7AD6B36069,purpose,Data Dictionary run/baseline/check record,Data Dictionary run/baseline/check record,
ATTR_0CC2B28FA9F269E3CE99,OBJ_E5DD5DB46A44911D24C7,primary_key,BASEID,,
ATTR_DC3A89897F56A8F76573,OBJ_E5DD5DB46A44911D24C7,purpose,Accepted baseline record and fingerprint,Accepted baseline record and fingerprint,
ATTR_F88EFE82FE9E9B1A19B3,OBJ_3122F33830CB2DB8DCBE,primary_key,SRCID,,
ATTR_2C1612956CAF2B54AC87,OBJ_3122F33830CB2DB8DCBE,purpose,Evidence source file/artifact identity,Evidence source file/artifact identity,
ATTR_87EA74553C0A5C2B0C67,OBJ_F145DDC879A1964EB5D0,primary_key,OBJID,,
ATTR_FE3BCE06E5D417668413,OBJ_F145DDC879A1964EB5D0,purpose,"Catalog object: command, table, field, script, help topic, artifact","Catalog object: command, table, field, script, help topic, artifact",
ATTR_48B896FFF8A09123A612,OBJ_57266DFAD7BF21A758E2,primary_key,ATTRID,,
ATTR_4C1644DCD9B36FB3B6AC,OBJ_57266DFAD7BF21A758E2,purpose,Flexible object attributes from evidence,Flexible object attributes from evidence,
ATTR_075AF68E86CAEF8A86F8,OBJ_D5E236EFEE19CF302007,primary_key,EDGEID,,
ATTR_B283A8F4CD38ED5DF4A3,OBJ_D5E236EFEE19CF302007,purpose,Relationship between catalog objects,Relationship between catalog objects,
ATTR_DD7D28D242EBD6F9C981,OBJ_5D7F72EAF174C4798A0E,primary_key,EVID,,
ATTR_281C2F246AEE95668118,OBJ_5D7F72EAF174C4798A0E,purpose,Evidence row linking catalog objects to source/proof artifacts,Evidence row linking catalog objects to source/proof artifacts,
ATTR_C32FCAECA18C6DC1FAAF,OBJ_BEEBBBB7C3B6C1ECE4D2,primary_key,GATEID,,
ATTR_514F8256D65BC091F088,OBJ_BEEBBBB7C3B6C1ECE4D2,purpose,Gate/check result rows,Gate/check result rows,
ATTR_82E197FE3569DF01EA03,OBJ_92D957D39F59C251F128,primary_key,REVID,,
ATTR_EBC46597313FCB7417B0,OBJ_92D957D39F59C251F128,purpose,"Review, triage, disposition, and promotion-readiness rows","Review, triage, disposition, and promotion-readiness rows",
ATTR_71CFD369AF9C6D0DE529,OBJ_92818B77DFCD62590870,primary_key,ARTID,,
ATTR_8EDB6E4F7B5E4D3BFF6C,OBJ_92818B77DFCD62590870,purpose,Generated/accepted artifact inventory,Generated/accepted artifact inventory,
ATTR_1C35ABD7C7CB55BDC646,OBJ_EBCCC0F457303F2D5649,primary_key,PROFID,,
ATTR_7CBBF90F77B447A69903,OBJ_EBCCC0F457303F2D5649,purpose,Profile/scope boundary rows such as ENGINE/PROFESSIONAL/overlay,Profile/scope boundary rows such as ENGINE/PROFESSIONAL/overlay,
ATTR_6C3858275254A78CBEDB,OBJ_25BD3AA912441E7C5E54,type,C,C,
ATTR_54B83C2A174D7AB1AED7,OBJ_25BD3AA912441E7C5E54,width,48,48,
ATTR_E5B5F0D390A47A84C34A,OBJ_25BD3AA912441E7C5E54,decimals,0,0,
ATTR_4E0341A13B5A6154D82C,OBJ_25BD3AA912441E7C5E54,required,1,1,
ATTR_40523C990F4780BABE76,OBJ_25BD3AA912441E7C5E54,description,Stable run id,Stable run id,
ATTR_9A584F163BC3185A9346,OBJ_232B9A192CA969F9B6DC,type,C,C,
ATTR_A2EE67BCB59750A851C2,OBJ_232B9A192CA969F9B6DC,width,24,24,
ATTR_961EAFD5A6004ADE2696,OBJ_232B9A192CA969F9B6DC,decimals,0,0,
ATTR_47E507CBCCA223D391F1,OBJ_232B9A192CA969F9B6DC,required,1,1,
ATTR_96F1041316632A9FDD60,OBJ_232B9A192CA969F9B6DC,description,scan/diff/triage/baseline/status,scan/diff/triage/baseline/status,
ATTR_67CF0AA42A8B56EC1F45,OBJ_2E17D2A554CAC2420D11,type,C,C,
ATTR_E178768FA52842CE9480,OBJ_2E17D2A554CAC2420D11,width,48,48,
ATTR_643569826CFC985F1D3A,OBJ_2E17D2A554CAC2420D11,decimals,0,0,
ATTR_C28248E88504C513E1DD,OBJ_2E17D2A554CAC2420D11,required,1,1,
ATTR_B30436EE7DC1ED92EEB4,OBJ_2E17D2A554CAC2420D11,description,Run status,Run status,
ATTR_04D35840574FBE6EA9D9,OBJ_B70AB98C4F8408AAFBBE,type,C,C,
ATTR_91586313BFCB27BB616F,OBJ_B70AB98C4F8408AAFBBE,width,32,32,
ATTR_20A4CA218FFC1F21B80F,OBJ_B70AB98C4F8408AAFBBE,decimals,0,0,
ATTR_B85D81D6355C7E560C22,OBJ_B70AB98C4F8408AAFBBE,required,1,1,
ATTR_43A40CEE5BF519F7F7B0,OBJ_B70AB98C4F8408AAFBBE,description,UTC creation timestamp,UTC creation timestamp,
ATTR_D229BA4A722ED47708AB,OBJ_8B8AAC59A48735582EF8,type,C,C,
ATTR_1ABA9440D494579C63A7,OBJ_8B8AAC59A48735582EF8,width,48,48,
ATTR_B30F783830582CC3968C,OBJ_8B8AAC59A48735582EF8,decimals,0,0,
ATTR_ADB0D6E8F8C228FCCEE9,OBJ_8B8AAC59A48735582EF8,required,0,0,
ATTR_0B9CE91A32F4829FE2E5,OBJ_8B8AAC59A48735582EF8,description,Related accepted baseline id,Related accepted baseline id,
ATTR_2F8F9F24EABC14A89B0C,OBJ_2A2C37788E838F04A457,type,C,C,
ATTR_3C2BA58F7D3F6BDED4A9,OBJ_2A2C37788E838F04A457,width,64,64,
ATTR_6414C840C42417501F44,OBJ_2A2C37788E838F04A457,decimals,0,0,
ATTR_637FBBBBDE33F2DE6ACF,OBJ_2A2C37788E838F04A457,required,0,0,
ATTR_DDD46AD3E73A71B9CA9E,OBJ_2A2C37788E838F04A457,description,Aggregate fingerprint,Aggregate fingerprint,
ATTR_336711781C1176CB7520,OBJ_884B4B08CC5DB6B39C20,type,C,C,
ATTR_2A1E3939E68BE7C718C5,OBJ_884B4B08CC5DB6B39C20,width,40,40,
ATTR_5A84F72E68B15146F080,OBJ_884B4B08CC5DB6B39C20,decimals,0,0,
ATTR_09DC6CB118A9425396E0,OBJ_884B4B08CC5DB6B39C20,required,0,0,
ATTR_563D1766A733986108C0,OBJ_884B4B08CC5DB6B39C20,description,Primary profile label,Primary profile label,
ATTR_CA8D0F4E07304B42CC10,OBJ_B5BC9A2BA0F89A9E7C81,type,M,M,
ATTR_7A21FD0C8F14DF56DC78,OBJ_B5BC9A2BA0F89A9E7C81,width,10,10,
ATTR_57F67FA6E6D9644A31DF,OBJ_B5BC9A2BA0F89A9E7C81,decimals,0,0,
ATTR_1B3D33556FA509A8BE70,OBJ_B5BC9A2BA0F89A9E7C81,required,0,0,
ATTR_69A9F8C5690A90B9AB46,OBJ_B5BC9A2BA0F89A9E7C81,description,Run notes / JSON detail memo,Run notes / JSON detail memo,
ATTR_809E57F6AB8E581CD432,OBJ_8D59C08121B98ECD3CFB,type,C,C,
ATTR_1085C4121663C18E4B50,OBJ_8D59C08121B98ECD3CFB,width,48,48,
ATTR_C197D288AF849627A1A2,OBJ_8D59C08121B98ECD3CFB,decimals,0,0,
ATTR_AEB17777A050C733AE9F,OBJ_8D59C08121B98ECD3CFB,required,1,1,
ATTR_1063B79286A5527E3D6A,OBJ_8D59C08121B98ECD3CFB,description,Accepted baseline id,Accepted baseline id,
ATTR_12251AE511A700C5FB06,OBJ_140A8498C34BA7F06279,type,C,C,
ATTR_02D48B13B7C7F9A03651,OBJ_140A8498C34BA7F06279,width,48,48,
ATTR_A7BE6B1272F20AFCDF3A,OBJ_140A8498C34BA7F06279,decimals,0,0,
ATTR_C11937461EB04080FDF2,OBJ_140A8498C34BA7F06279,required,1,1,
ATTR_443B2E77EC30A803588C,OBJ_140A8498C34BA7F06279,description,Baseline acceptance status,Baseline acceptance status,
ATTR_D0248200925CD326BAAA,OBJ_C2321886F9DFB935D555,type,C,C,
ATTR_E3210FCBBFE1159F48A1,OBJ_C2321886F9DFB935D555,width,64,64,
ATTR_A48F197232C0E9D78661,OBJ_C2321886F9DFB935D555,decimals,0,0,
ATTR_00F7664A007CA029E2C5,OBJ_C2321886F9DFB935D555,required,1,1,
ATTR_074C3FB4E3EE6E7847A1,OBJ_C2321886F9DFB935D555,description,Accepted fingerprint,Accepted fingerprint,
ATTR_EEFEC8897FB8DAD5E78D,OBJ_2756115AA7694E1BAD4F,type,C,C,
ATTR_A663B239F568E3DBC88D,OBJ_2756115AA7694E1BAD4F,width,48,48,
ATTR_7B1F70300631E0D7BBE8,OBJ_2756115AA7694E1BAD4F,decimals,0,0,
ATTR_EB085BBA9ED696E7D300,OBJ_2756115AA7694E1BAD4F,required,1,1,
ATTR_8C263B14C3F0BE27BEB3,OBJ_2756115AA7694E1BAD4F,description,Run id that accepted baseline,Run id that accepted baseline,
ATTR_DE550F69808DBCC98476,OBJ_7CBF72F332BE1A051392,type,C,C,
ATTR_E84B1BDE89FE328E8F3B,OBJ_7CBF72F332BE1A051392,width,220,220,
ATTR_D6145C821E53801C8472,OBJ_7CBF72F332BE1A051392,decimals,0,0,
ATTR_D367E6AC2322B60C4278,OBJ_7CBF72F332BE1A051392,required,1,1,
ATTR_602FF6D728180E7C1315,OBJ_7CBF72F332BE1A051392,description,Manifest path,Manifest path,
ATTR_175C0AEEE9E492728A1F,OBJ_2AB19CB6772EA5205218,type,C,C,
ATTR_BF2ABB7066516E20EAAD,OBJ_2AB19CB6772EA5205218,width,40,40,
ATTR_7586C577130B69A9A9CE,OBJ_2AB19CB6772EA5205218,decimals,0,0,
ATTR_7F7539A03D0C9CFD3202,OBJ_2AB19CB6772EA5205218,required,0,0,
ATTR_6DAB0CA6185DB615DCAA,OBJ_2AB19CB6772EA5205218,description,Profile label,Profile label,
ATTR_176BA0DE55ADD2E3B0FC,OBJ_C28D0D7369B0BA96E8F3,type,M,M,
ATTR_28D9E460B3F918BCD783,OBJ_C28D0D7369B0BA96E8F3,width,10,10,
ATTR_80BB3328DF1C80A8C631,OBJ_C28D0D7369B0BA96E8F3,decimals,0,0,
ATTR_9C6BBFC5ED736C355B9A,OBJ_C28D0D7369B0BA96E8F3,required,0,0,
ATTR_62188A4A2CDCAF1FDF5E,OBJ_C28D0D7369B0BA96E8F3,description,Baseline acceptance report excerpt,Baseline acceptance report excerpt,
ATTR_9DA271A89E86DCBD2B5E,OBJ_E5CAC2F5A59161816F45,type,C,C,
ATTR_3CBAC5F009FD1CC1AD31,OBJ_E5CAC2F5A59161816F45,width,64,64,
ATTR_EB7174310291AE1F5A9E,OBJ_E5CAC2F5A59161816F45,decimals,0,0,
ATTR_A5904657CA98ED395EAB,OBJ_E5CAC2F5A59161816F45,required,1,1,
ATTR_9996FC2A92BA0FFA16DE,OBJ_E5CAC2F5A59161816F45,description,Source identity hash or assigned id,Source identity hash or assigned id,
ATTR_B2C2E3BEE690A5BAF799,OBJ_840867C55F16EC23DB28,type,C,C,
ATTR_EFAD38335D395ED0A7A8,OBJ_840867C55F16EC23DB28,width,240,240,
ATTR_C0EF9CDC1558FFC1801D,OBJ_840867C55F16EC23DB28,decimals,0,0,
ATTR_B336C9AF798FA15056D0,OBJ_840867C55F16EC23DB28,required,1,1,
ATTR_D0A89841E7CF5C1D2AE1,OBJ_840867C55F16EC23DB28,description,Repo-relative path,Repo-relative path,
ATTR_C13994716051230D43FF,OBJ_073A8686C3F7B0F31582,type,C,C,
ATTR_4D49EE2BF5E642D0BC12,OBJ_073A8686C3F7B0F31582,width,32,32,
ATTR_4F5D8E9FE7C63633C8C3,OBJ_073A8686C3F7B0F31582,decimals,0,0,
ATTR_56BBA248A8481257B370,OBJ_073A8686C3F7B0F31582,required,1,1,
ATTR_62476D399C8AFA188483,OBJ_073A8686C3F7B0F31582,description,Source kind,Source kind,
ATTR_EBDD73BD4523677B0470,OBJ_0CCDE1763A724649F2FD,type,C,C,
ATTR_9B9E122627A9DD71B750,OBJ_0CCDE1763A724649F2FD,width,64,64,
ATTR_5B7F9CD242454CE0F6C3,OBJ_0CCDE1763A724649F2FD,decimals,0,0,
ATTR_6B43A0DE1870A6A29927,OBJ_0CCDE1763A724649F2FD,required,0,0,
ATTR_2A391AFB455FB2DEA452,OBJ_0CCDE1763A724649F2FD,description,File hash,File hash,
ATTR_A047D3F110D76092E4D0,OBJ_6687DC8E1DEDD3F309C5,type,N,N,
ATTR_7D7B100EA6B070EB3D1F,OBJ_6687DC8E1DEDD3F309C5,width,12,12,
ATTR_959E0AA0AB9B7537028D,OBJ_6687DC8E1DEDD3F309C5,decimals,0,0,
ATTR_B227D9EB910A42BD86F0,OBJ_6687DC8E1DEDD3F309C5,required,0,0,
ATTR_7F1A0738D7F2603BAB28,OBJ_6687DC8E1DEDD3F309C5,description,File size,File size,
ATTR_A31543296C2A4C5864C9,OBJ_1FC1556A8B76CD62C2D9,type,C,C,
ATTR_7AD26E7FA2BD4A5D7803,OBJ_1FC1556A8B76CD62C2D9,width,40,40,
ATTR_58E3003E71E572D077F0,OBJ_1FC1556A8B76CD62C2D9,decimals,0,0,
ATTR_F12F27B15E7FA492D424,OBJ_1FC1556A8B76CD62C2D9,required,0,0,
ATTR_798D2B233CF7DC549015,OBJ_1FC1556A8B76CD62C2D9,description,Profile label,Profile label,
ATTR_F83AAC1E00AE385565BC,OBJ_018C4A8AB6B109E2E0A0,type,C,C,
ATTR_D63BE66AB54FB2948D4A,OBJ_018C4A8AB6B109E2E0A0,width,64,64,
ATTR_E46CF288BDECFE45E9DC,OBJ_018C4A8AB6B109E2E0A0,decimals,0,0,
ATTR_D7ED355B37E9D4262B57,OBJ_018C4A8AB6B109E2E0A0,required,1,1,
ATTR_F3DBB34CEE30E93B5C0A,OBJ_018C4A8AB6B109E2E0A0,description,Object id,Object id,
ATTR_1E4BA459ACA89E0997C7,OBJ_6C67661120A4F1331E13,type,C,C,
ATTR_A298C27EAE4D351E99AF,OBJ_6C67661120A4F1331E13,width,32,32,
ATTR_CA62AE3240D209692E32,OBJ_6C67661120A4F1331E13,decimals,0,0,
ATTR_56A63CCD37B06E2B6208,OBJ_6C67661120A4F1331E13,required,1,1,
ATTR_001C83EB23FBCCBD2269,OBJ_6C67661120A4F1331E13,description,Object type,Object type,
ATTR_322C6BD8A22CD0950A1B,OBJ_1F5A05F79EEA53B08533,type,C,C,
ATTR_AE409428F582BC465618,OBJ_1F5A05F79EEA53B08533,width,120,120,
ATTR_DD8B0125146783AB3431,OBJ_1F5A05F79EEA53B08533,decimals,0,0,
ATTR_6391BC8700DB96AE25F1,OBJ_1F5A05F79EEA53B08533,required,1,1,
ATTR_26BE01DFBA461CD6988C,OBJ_1F5A05F79EEA53B08533,description,Object name,Object name,
ATTR_F78D4C0DF985050D3A6E,OBJ_E8583DA8B8DA77D08B30,type,C,C,
ATTR_70FB77D4099FB25B5FE4,OBJ_E8583DA8B8DA77D08B30,width,120,120,
ATTR_E67B5A347B1C759B60E8,OBJ_E8583DA8B8DA77D08B30,decimals,0,0,
ATTR_926AC9393F1EBC0B96F6,OBJ_E8583DA8B8DA77D08B30,required,0,0,
ATTR_150B623CEA4632124B09,OBJ_E8583DA8B8DA77D08B30,description,Owning object or area,Owning object or area,
ATTR_D1FD24844E3335ED5698,OBJ_798E404826C602D97020,type,C,C,
ATTR_C86D7AAF5D00671895AF,OBJ_798E404826C602D97020,width,48,48,
ATTR_20EFF110B2B5BD466523,OBJ_798E404826C602D97020,decimals,0,0,
ATTR_E540A050F30BBFDB0395,OBJ_798E404826C602D97020,required,0,0,
ATTR_85FA8052DB51E51C4337,OBJ_798E404826C602D97020,description,Object status,Object status,
ATTR_1846B4D21279EC772999,OBJ_4D566D8C01E013B2E083,type,C,C,
ATTR_61FBB9A5C5D8E2478518,OBJ_4D566D8C01E013B2E083,width,40,40,
ATTR_478D8048B7D43CBC5D84,OBJ_4D566D8C01E013B2E083,decimals,0,0,
ATTR_AD1D52FAEAB91C2D7AA9,OBJ_4D566D8C01E013B2E083,required,0,0,
ATTR_6461CA8468C3EADBC285,OBJ_4D566D8C01E013B2E083,description,Profile label,Profile label,
ATTR_72D6A55647C575093D79,OBJ_A09948DE898CBE6389E0,type,C,C,
ATTR_33FDACDC6B009208C3FD,OBJ_A09948DE898CBE6389E0,width,64,64,
ATTR_AAF2958C0E742628F9CB,OBJ_A09948DE898CBE6389E0,decimals,0,0,
ATTR_2BD0683E8CFB8DC390AD,OBJ_A09948DE898CBE6389E0,required,0,0,
ATTR_765A0608E5E4EF86C2C1,OBJ_A09948DE898CBE6389E0,description,Primary evidence source,Primary evidence source,
ATTR_558D8C5368147769DCA4,OBJ_0396730F74C7AA4300F7,type,C,C,
ATTR_5187F932387FE621BCD3,OBJ_0396730F74C7AA4300F7,width,64,64,
ATTR_12FCBDABA6228EE8C1CA,OBJ_0396730F74C7AA4300F7,decimals,0,0,
ATTR_2597046F00AB63A7AB68,OBJ_0396730F74C7AA4300F7,required,1,1,
ATTR_AC3B17607847B5A57EB7,OBJ_0396730F74C7AA4300F7,description,Attribute id,Attribute id,
ATTR_813AA701E39EAF708C71,OBJ_3D33DC2146AED28726A6,type,C,C,
ATTR_FEC67F7F3CB31D218A03,OBJ_3D33DC2146AED28726A6,width,64,64,
ATTR_B4F9F1E7BE9EF1536C7F,OBJ_3D33DC2146AED28726A6,decimals,0,0,
ATTR_9B64BE6BD30E222BB2B8,OBJ_3D33DC2146AED28726A6,required,1,1,
ATTR_BF91BBE249DE18F35673,OBJ_3D33DC2146AED28726A6,description,Object id,Object id,
ATTR_652F491E6B3A39CECDEB,OBJ_ACA04DAEADB23900B856,type,C,C,
ATTR_257300EF375EE8345C7A,OBJ_ACA04DAEADB23900B856,width,80,80,
ATTR_D6CB1709D2FA3F1CE656,OBJ_ACA04DAEADB23900B856,decimals,0,0,
ATTR_2EA8E299971BF8C09D20,OBJ_ACA04DAEADB23900B856,required,1,1,
ATTR_B4E97EC1AA2C4DD25CA0,OBJ_ACA04DAEADB23900B856,description,Attribute name,Attribute name,
ATTR_889F95381676EB22AD82,OBJ_DDF6AC7DB24E860A80CF,type,C,C,
ATTR_07F7D0690D8109FCC863,OBJ_DDF6AC7DB24E860A80CF,width,240,240,
ATTR_70D4EB8279ED843DF6CA,OBJ_DDF6AC7DB24E860A80CF,decimals,0,0,
ATTR_05CBAA76AC81F75DE4D3,OBJ_DDF6AC7DB24E860A80CF,required,0,0,
ATTR_08F64A15CCB138B68C1C,OBJ_DDF6AC7DB24E860A80CF,description,Short attribute value,Short attribute value,
ATTR_9C4D014CD1D475F9D208,OBJ_6954ED0B862ABA951A6D,type,M,M,
ATTR_FEEC27202D55FCFE1B37,OBJ_6954ED0B862ABA951A6D,width,10,10,
ATTR_953F5BE4BEA08554BBBC,OBJ_6954ED0B862ABA951A6D,decimals,0,0,
ATTR_61F596C52D7D55D38FC5,OBJ_6954ED0B862ABA951A6D,required,0,0,
ATTR_B05D3A259B2DA14925B7,OBJ_6954ED0B862ABA951A6D,description,Long attribute value,Long attribute value,
ATTR_573CACDE392C90180A58,OBJ_A214C94AA36F5BC677CA,type,C,C,
ATTR_7791AF536FFC6EDD2D46,OBJ_A214C94AA36F5BC677CA,width,64,64,
ATTR_E54485AB1D393A725519,OBJ_A214C94AA36F5BC677CA,decimals,0,0,
ATTR_C036CDD839AD98AE9135,OBJ_A214C94AA36F5BC677CA,required,0,0,
ATTR_E736D8A66664007D3B74,OBJ_A214C94AA36F5BC677CA,description,Evidence id,Evidence id,
ATTR_BFC31B7BECC2CB8E1B72,OBJ_6DAFFE52127585780AF0,type,C,C,
ATTR_61BE3560322ED3CE2C52,OBJ_6DAFFE52127585780AF0,width,64,64,
ATTR_15640B2F0D040767BB21,OBJ_6DAFFE52127585780AF0,decimals,0,0,
ATTR_AC121F171BAA31B92ADF,OBJ_6DAFFE52127585780AF0,required,1,1,
ATTR_C3B9570AB4807983EB77,OBJ_6DAFFE52127585780AF0,description,Edge id,Edge id,
ATTR_A99B33764419DE162FA4,OBJ_1F53F3C7D79327873488,type,C,C,
ATTR_70C676D157478C4FF0E0,OBJ_1F53F3C7D79327873488,width,64,64,
ATTR_66DE46EF466DC9B86472,OBJ_1F53F3C7D79327873488,decimals,0,0,
ATTR_DA19B129902EBF322A11,OBJ_1F53F3C7D79327873488,required,1,1,
ATTR_420DE528B80FB9EC7206,OBJ_1F53F3C7D79327873488,description,From object id,From object id,
ATTR_479D100B74934CD8C545,OBJ_2684578DA732E1FF6F7F,type,C,C,
ATTR_CAF80F011B8BEC8C310B,OBJ_2684578DA732E1FF6F7F,width,64,64,
ATTR_10D02AA7646809B15724,OBJ_2684578DA732E1FF6F7F,decimals,0,0,
ATTR_48BF02181E4B29FC3A91,OBJ_2684578DA732E1FF6F7F,required,1,1,
ATTR_E108C0DEE82EBC56132B,OBJ_2684578DA732E1FF6F7F,description,To object id,To object id,
ATTR_E367FE0C89ED5650BFB7,OBJ_6A735BE1D257099AF541,type,C,C,
ATTR_C7FBE1D7BF97CD27FC0A,OBJ_6A735BE1D257099AF541,width,40,40,
ATTR_6D206ABC75B466134969,OBJ_6A735BE1D257099AF541,decimals,0,0,
ATTR_5B3DE72DD6AE2D68CD03,OBJ_6A735BE1D257099AF541,required,1,1,
ATTR_B3D2ED13917E9528B8C1,OBJ_6A735BE1D257099AF541,description,Relationship type,Relationship type,
ATTR_924188044869F3199B91,OBJ_0617BC5934C2C7C7F594,type,C,C,
ATTR_FB754E883CE280B8D910,OBJ_0617BC5934C2C7C7F594,width,64,64,
ATTR_3A94F3F55013E4396F5D,OBJ_0617BC5934C2C7C7F594,decimals,0,0,
ATTR_61E07022A8F00FE36074,OBJ_0617BC5934C2C7C7F594,required,0,0,
ATTR_BBAE880EC247E0B47E56,OBJ_0617BC5934C2C7C7F594,description,Evidence id,Evidence id,
ATTR_0C5989048E9B9A859EC3,OBJ_0769C97BC67BEAF821B9,type,C,C,
ATTR_6B70D644E57182EE605A,OBJ_0769C97BC67BEAF821B9,width,64,64,
ATTR_627CFBD7652225BBAC1B,OBJ_0769C97BC67BEAF821B9,decimals,0,0,
ATTR_49095F8EC12963CB5BBD,OBJ_0769C97BC67BEAF821B9,required,1,1,
ATTR_876FE3CA43EF0948B0C7,OBJ_0769C97BC67BEAF821B9,description,Evidence id,Evidence id,
ATTR_D0AD4B653910CF1BB680,OBJ_D01932635E7A9D8880E8,type,C,C,
ATTR_ABFE3F661BDACE8B9D0E,OBJ_D01932635E7A9D8880E8,width,64,64,
ATTR_2243B159FFB5FAD48D69,OBJ_D01932635E7A9D8880E8,decimals,0,0,
ATTR_60E6740124324A72201D,OBJ_D01932635E7A9D8880E8,required,0,0,
ATTR_2C66305733CE6B95362B,OBJ_D01932635E7A9D8880E8,description,Object id,Object id,
ATTR_FEC7B8D092609C103386,OBJ_0750B81A75C501EF14F0,type,C,C,
ATTR_033B76700C9A4ADA55FD,OBJ_0750B81A75C501EF14F0,width,64,64,
ATTR_B05FA27022219440F732,OBJ_0750B81A75C501EF14F0,decimals,0,0,
ATTR_3DEF19F50D9B4AFC80CE,OBJ_0750B81A75C501EF14F0,required,1,1,
ATTR_B16B1D79554D5B932F73,OBJ_0750B81A75C501EF14F0,description,Source id,Source id,
ATTR_16B9270D5B4040A1347D,OBJ_AB5440183477DCA093DF,type,C,C,
ATTR_F484E94E29E6351F4A0C,OBJ_AB5440183477DCA093DF,width,40,40,
ATTR_B34C493628E502E6B07B,OBJ_AB5440183477DCA093DF,decimals,0,0,
ATTR_3F5222BF5C62957DCC3D,OBJ_AB5440183477DCA093DF,required,1,1,
ATTR_D9C7A71A1560AE8D4DD2,OBJ_AB5440183477DCA093DF,description,Evidence kind,Evidence kind,
ATTR_477C10AB4030002601DA,OBJ_878EA665E2F8AB9F828B,type,N,N,
ATTR_C1B8E12DC56F0F036791,OBJ_878EA665E2F8AB9F828B,width,5,5,
ATTR_0C0E2CFD2AFBC8B6EDFC,OBJ_878EA665E2F8AB9F828B,decimals,2,2,
ATTR_A72D2E7CA03E0668A956,OBJ_878EA665E2F8AB9F828B,required,0,0,
ATTR_8F2CD2350F9BC7957B68,OBJ_878EA665E2F8AB9F828B,description,Confidence / weight,Confidence / weight,
ATTR_507DB0ED0DCA44C690E8,OBJ_9E5CDB2B1E8E254A6DE7,type,M,M,
ATTR_70CD3D943DD1408E0DBE,OBJ_9E5CDB2B1E8E254A6DE7,width,10,10,
ATTR_23852AAB23D6366CE80A,OBJ_9E5CDB2B1E8E254A6DE7,decimals,0,0,
ATTR_97CDC362F589BA83812D,OBJ_9E5CDB2B1E8E254A6DE7,required,0,0,
ATTR_40E80AE5741361A20285,OBJ_9E5CDB2B1E8E254A6DE7,description,Evidence detail memo,Evidence detail memo,
ATTR_9E6E615CBC9BD8CD8EB7,OBJ_EDD6D86C9EE61E37288C,type,C,C,
ATTR_27B31A56A977A9F90EEB,OBJ_EDD6D86C9EE61E37288C,width,64,64,
ATTR_FB1451CF93A694068611,OBJ_EDD6D86C9EE61E37288C,decimals,0,0,
ATTR_9C831CB0BE39DFD73B06,OBJ_EDD6D86C9EE61E37288C,required,1,1,
ATTR_8CCF644F755069862783,OBJ_EDD6D86C9EE61E37288C,description,Gate id,Gate id,
ATTR_CD0C93E99191E411DC6E,OBJ_1FAF4858CBEE8E387EC8,type,C,C,
ATTR_15602DA650AF49F6DCE7,OBJ_1FAF4858CBEE8E387EC8,width,48,48,
ATTR_8224CAB511A2994E6EAB,OBJ_1FAF4858CBEE8E387EC8,decimals,0,0,
ATTR_8DB981BA28B77AADE9C5,OBJ_1FAF4858CBEE8E387EC8,required,1,1,
ATTR_89DF13EE892A07156F0A,OBJ_1FAF4858CBEE8E387EC8,description,Run id,Run id,
ATTR_EF6C18B0049A0F80602E,OBJ_E520194E31867978BEFB,type,C,C,
ATTR_A415C077BB5B0E9972D2,OBJ_E520194E31867978BEFB,width,80,80,
ATTR_5A1AE1DE76BD8DA7445C,OBJ_E520194E31867978BEFB,decimals,0,0,
ATTR_866AC178CDD8541481BE,OBJ_E520194E31867978BEFB,required,1,1,
ATTR_ADFC73258385F16D8A66,OBJ_E520194E31867978BEFB,description,Gate name,Gate name,
ATTR_EA13BCF63EF968C0BBF2,OBJ_060E116B833BB189D707,type,C,C,
ATTR_056336EB9441B81A3A8C,OBJ_060E116B833BB189D707,width,32,32,
ATTR_8A0A84264F3F7A72ECEC,OBJ_060E116B833BB189D707,decimals,0,0,
ATTR_A8CADAB0D4FD0E55A689,OBJ_060E116B833BB189D707,required,1,1,
ATTR_6BD88D152DE0F6997DD4,OBJ_060E116B833BB189D707,description,PASS/REVIEW/BLOCKED,PASS/REVIEW/BLOCKED,
ATTR_A29865A972B53650AD6F,OBJ_F4AE13F554F80A5A392A,type,M,M,
ATTR_ECE0636F3549656AC3EB,OBJ_F4AE13F554F80A5A392A,width,10,10,
ATTR_D553A4E8C672E5294B4C,OBJ_F4AE13F554F80A5A392A,decimals,0,0,
ATTR_EB87EAC7EB09A6E6FE88,OBJ_F4AE13F554F80A5A392A,required,0,0,
ATTR_8437E455DB1A9AA070A2,OBJ_F4AE13F554F80A5A392A,description,Gate detail memo,Gate detail memo,
ATTR_093356F573EE853B457C,OBJ_8AA8549FABF5BEFB8380,type,C,C,
ATTR_144174F3B41E98466807,OBJ_8AA8549FABF5BEFB8380,width,64,64,
ATTR_6B92F64B6D61DDD3E8E4,OBJ_8AA8549FABF5BEFB8380,decimals,0,0,
ATTR_F7542934C13A2FE2309E,OBJ_8AA8549FABF5BEFB8380,required,1,1,
ATTR_0EBFB3299DDA751DBE40,OBJ_8AA8549FABF5BEFB8380,description,Review row id,Review row id,
ATTR_B6C9A53A867E54967F19,OBJ_43BC29C66D42EFAD449F,type,C,C,
ATTR_CECFFAA50DE82A3280C2,OBJ_43BC29C66D42EFAD449F,width,48,48,
ATTR_0A917F70181845C83AC9,OBJ_43BC29C66D42EFAD449F,decimals,0,0,
ATTR_DB9A8C9EBEFA1970AA88,OBJ_43BC29C66D42EFAD449F,required,1,1,
ATTR_F2B8AC2E5BE021162996,OBJ_43BC29C66D42EFAD449F,description,Run id,Run id,
ATTR_F5E79F25ACEBF4C5BBEC,OBJ_48ED3BA45D7D40D7B7FE,type,C,C,
ATTR_26EF56CF29B33EFB353D,OBJ_48ED3BA45D7D40D7B7FE,width,16,16,
ATTR_84F346FAC3A14423CD95,OBJ_48ED3BA45D7D40D7B7FE,decimals,0,0,
ATTR_4EBCA3746CB58386AF78,OBJ_48ED3BA45D7D40D7B7FE,required,1,1,
ATTR_EA571B35A7EA282F5A95,OBJ_48ED3BA45D7D40D7B7FE,description,LOW/MEDIUM/HIGH,LOW/MEDIUM/HIGH,
ATTR_C547EA5522B6310E132B,OBJ_212102AD87386057ADDB,type,C,C,
ATTR_0CA126A8F27BD4A5FBEE,OBJ_212102AD87386057ADDB,width,64,64,
ATTR_7EB7986CF6DC20055CCC,OBJ_212102AD87386057ADDB,decimals,0,0,
ATTR_8D0E14DE4F9D0404F604,OBJ_212102AD87386057ADDB,required,1,1,
ATTR_9E99D81F77458A1F35C1,OBJ_212102AD87386057ADDB,description,Review lane,Review lane,
ATTR_89FCDE9027B4584B598C,OBJ_C4FC69451219223C5091,type,C,C,
ATTR_F04E5CC0AA7212E006A7,OBJ_C4FC69451219223C5091,width,240,240,
ATTR_B363306CD26D1225D561,OBJ_C4FC69451219223C5091,decimals,0,0,
ATTR_502E40FE9693BD6E5070,OBJ_C4FC69451219223C5091,required,0,0,
ATTR_719B33FC11F1609A180C,OBJ_C4FC69451219223C5091,description,Affected path,Affected path,
ATTR_781081B5B8B60EBA3994,OBJ_80B4292FFD69C1D0458E,type,C,C,
ATTR_0F76D47A7AAD2CE1B2C0,OBJ_80B4292FFD69C1D0458E,width,120,120,
ATTR_6ED947A4E6E668C75D12,OBJ_80B4292FFD69C1D0458E,decimals,0,0,
ATTR_5DA1333C22157DBDFFE7,OBJ_80B4292FFD69C1D0458E,required,0,0,
ATTR_E8539DDB1C9BA2EA0573,OBJ_80B4292FFD69C1D0458E,description,Required action,Required action,
ATTR_23463AE76785C76D0954,OBJ_A817CD96E27126EDD5E3,type,M,M,
ATTR_D7626FADBB77C7A4378B,OBJ_A817CD96E27126EDD5E3,width,10,10,
ATTR_C6539D0E6B120B088E85,OBJ_A817CD96E27126EDD5E3,decimals,0,0,
ATTR_92761516C8B0F74289A6,OBJ_A817CD96E27126EDD5E3,required,0,0,
ATTR_76C7C822E2F344E6124B,OBJ_A817CD96E27126EDD5E3,description,Review detail memo,Review detail memo,
ATTR_6DE88905270E646F4153,OBJ_F56DF3E8169ACB403A89,type,C,C,
ATTR_25E1F016A11E13857B4B,OBJ_F56DF3E8169ACB403A89,width,64,64,
ATTR_0DF4E5981DF646569447,OBJ_F56DF3E8169ACB403A89,decimals,0,0,
ATTR_095723EF54D56CB54507,OBJ_F56DF3E8169ACB403A89,required,1,1,
ATTR_0615BDA322A5AE456F0E,OBJ_F56DF3E8169ACB403A89,description,Artifact id,Artifact id,
ATTR_2B9349B257A18E618527,OBJ_BDFD3E499D3E0B242F64,type,C,C,
ATTR_B24322807CC63FDA64B0,OBJ_BDFD3E499D3E0B242F64,width,48,48,
ATTR_1F1B798312D05D995AD9,OBJ_BDFD3E499D3E0B242F64,decimals,0,0,
ATTR_25BAA50FF6DD836C54A2,OBJ_BDFD3E499D3E0B242F64,required,0,0,
ATTR_D7A68F3D1B4C6E86ABF3,OBJ_BDFD3E499D3E0B242F64,description,Run id,Run id,
ATTR_29CB5A6F7C030E9E0ECD,OBJ_F044AD268E3EEBF152D0,type,C,C,
ATTR_47BBECCA71FF79A3B280,OBJ_F044AD268E3EEBF152D0,width,240,240,
ATTR_AB7577FDAE2F98639131,OBJ_F044AD268E3EEBF152D0,decimals,0,0,
ATTR_C3D9E8BD0BC8928BB072,OBJ_F044AD268E3EEBF152D0,required,1,1,
ATTR_5EAFACF4578D7BA485FD,OBJ_F044AD268E3EEBF152D0,description,Artifact path,Artifact path,
ATTR_8DF70551AF96A2F3172C,OBJ_68623AEA556D70A996BA,type,C,C,
ATTR_FA70681EF0F70B7959F6,OBJ_68623AEA556D70A996BA,width,48,48,
ATTR_9A3DAAB2479657B7C0FF,OBJ_68623AEA556D70A996BA,decimals,0,0,
ATTR_5388AC3E7F480CC1EFF0,OBJ_68623AEA556D70A996BA,required,1,1,
ATTR_A2F73F18513ABDD7FC2E,OBJ_68623AEA556D70A996BA,description,Artifact kind,Artifact kind,
ATTR_1E2BDC47600A130B0818,OBJ_150B642F7CFA4A8B71F5,type,C,C,
ATTR_1735C768DE1E9FB018D1,OBJ_150B642F7CFA4A8B71F5,width,48,48,
ATTR_1FCC84787E7C877205A2,OBJ_150B642F7CFA4A8B71F5,decimals,0,0,
ATTR_5B20C37D73F3392E2A96,OBJ_150B642F7CFA4A8B71F5,required,0,0,
ATTR_E093738914F686B307A9,OBJ_150B642F7CFA4A8B71F5,description,Accepted/generated/review,Accepted/generated/review,
ATTR_20FC2D25499830E69E92,OBJ_B08EC07A283C8FA1CCC1,type,C,C,
ATTR_D79A81CEAF476ABFD81F,OBJ_B08EC07A283C8FA1CCC1,width,64,64,
ATTR_AC70421C10A7EDB93AAA,OBJ_B08EC07A283C8FA1CCC1,decimals,0,0,
ATTR_10C52BEDF99BE07BD1FA,OBJ_B08EC07A283C8FA1CCC1,required,0,0,
ATTR_1AEA5B0D8C9A85065D57,OBJ_B08EC07A283C8FA1CCC1,description,Artifact hash,Artifact hash,
ATTR_3CD20A99B18F28EFFCF4,OBJ_93FD6D19AD83C026DFE3,type,C,C,
ATTR_96FEF87DD58BF6A4976C,OBJ_93FD6D19AD83C026DFE3,width,48,48,
ATTR_6FB91C9F67DBF167C057,OBJ_93FD6D19AD83C026DFE3,decimals,0,0,
ATTR_AC3D7282C0EB42429532,OBJ_93FD6D19AD83C026DFE3,required,1,1,
ATTR_D9CC1F8AE4783ACA2C12,OBJ_93FD6D19AD83C026DFE3,description,Profile id,Profile id,
ATTR_6C9063AF13A5ACDDCF3F,OBJ_96D3B8E55450AE4896AE,type,C,C,
ATTR_7BD5A1214BA0633B381C,OBJ_96D3B8E55450AE4896AE,width,48,48,
ATTR_AF05D4828D72EE0AA7C2,OBJ_96D3B8E55450AE4896AE,decimals,0,0,
ATTR_1BDB09A11B1C460DEFE1,OBJ_96D3B8E55450AE4896AE,required,1,1,
ATTR_B2D16DFC816A0C8FAD95,OBJ_96D3B8E55450AE4896AE,description,Profile name,Profile name,
ATTR_924123270AB5B48F25B9,OBJ_750153055ABCC82B857A,type,L,L,
ATTR_17D4C0B7ABD10737E3A0,OBJ_750153055ABCC82B857A,width,1,1,
ATTR_8532BB2A5DFD9C6A2088,OBJ_750153055ABCC82B857A,decimals,0,0,
ATTR_2E9A89FB6BC82D84E21D,OBJ_750153055ABCC82B857A,required,1,1,
ATTR_58A32C3A0BC5A8C63E2B,OBJ_750153055ABCC82B857A,description,Visible in default product surface,Visible in default product surface,
ATTR_2C3754B6D0199F0AF154,OBJ_99A508FA3AF9B00645A8,type,M,M,
ATTR_ABA232DFD74245952588,OBJ_99A508FA3AF9B00645A8,width,10,10,
ATTR_191D7B22C5C650A75EF7,OBJ_99A508FA3AF9B00645A8,decimals,0,0,
ATTR_F17ECD3F423BDCA7F054,OBJ_99A508FA3AF9B00645A8,required,0,0,
ATTR_144D0E9C9367BF68E625,OBJ_99A508FA3AF9B00645A8,description,Profile definition notes,Profile definition notes,
ATTR_5B4F2661E643234B6511,OBJ_A0B1D55CFBD00C79A354,expression,RUNID,RUNID,
ATTR_37B2029255CBE14AA667,OBJ_A0B1D55CFBD00C79A354,kind,UNIQUE,UNIQUE,
ATTR_A5E31069F066FA50CF25,OBJ_A0B1D55CFBD00C79A354,description,RUNID,RUNID,
ATTR_77AF9113F80D91A868EB,OBJ_B4FFE4C5FD21DEE38A7E,expression,STATUS,STATUS,
ATTR_0E831CF6F30FFD3027F0,OBJ_B4FFE4C5FD21DEE38A7E,kind,NORMAL,NORMAL,
ATTR_9F13DA9246DF8049CDC2,OBJ_B4FFE4C5FD21DEE38A7E,description,STATUS,STATUS,
ATTR_532E3B6C73E8B9A371E6,OBJ_0F49057837D12CD9F544,expression,BASEID,BASEID,
ATTR_DF9C7CDE4CFE330292A8,OBJ_0F49057837D12CD9F544,kind,UNIQUE,UNIQUE,
ATTR_52354AA92B47970DA780,OBJ_0F49057837D12CD9F544,description,BASEID,BASEID,
ATTR_397C6D9721A5EA2A68E9,OBJ_2BD3802BA92C1DCFD05D,expression,FINGER,FINGER,
ATTR_6AA01B9F03C5481DB391,OBJ_2BD3802BA92C1DCFD05D,kind,NORMAL,NORMAL,
ATTR_3FF5E2F45609DE83F2A9,OBJ_2BD3802BA92C1DCFD05D,description,FINGER,FINGER,
ATTR_6C7D96EDC6680ADD9EEE,OBJ_F2D872C4053CC0C207E3,expression,SRCID,SRCID,
ATTR_88B7B65DE76278162D49,OBJ_F2D872C4053CC0C207E3,kind,UNIQUE,UNIQUE,
ATTR_11CE1F004309D63CD72F,OBJ_F2D872C4053CC0C207E3,description,SRCID,SRCID,
ATTR_EAD30AB0F88010DF6F59,OBJ_6D0CD16AA388B0EEA286,expression,PATH,PATH,
ATTR_D953874BD3E8D5F9949F,OBJ_6D0CD16AA388B0EEA286,kind,NORMAL,NORMAL,
ATTR_B547E796B2C49BF29879,OBJ_6D0CD16AA388B0EEA286,description,PATH,PATH,
ATTR_F3FF5ADFE56F9FDA78B1,OBJ_E4E468E2764C94F247E1,expression,OBJID,OBJID,
ATTR_227B2E158BF901A47BE4,OBJ_E4E468E2764C94F247E1,kind,UNIQUE,UNIQUE,
ATTR_1E0C14E5E7C2251501B5,OBJ_E4E468E2764C94F247E1,description,OBJID,OBJID,
ATTR_A17107BB0EABC097A4EB,OBJ_DF3BDCDB70A8901AA0D9,expression,OBJTYPE+NAME,OBJTYPE+NAME,
ATTR_F37F7032CB0A9858C1A3,OBJ_DF3BDCDB70A8901AA0D9,kind,NORMAL,NORMAL,
ATTR_8EDFF6086D10147398F6,OBJ_DF3BDCDB70A8901AA0D9,description,"OBJTYPE, NAME","OBJTYPE, NAME",
ATTR_DC87DFE8ADCFA77A21FE,OBJ_124792EF45342A09490A,expression,ATTRID,ATTRID,
ATTR_DAD49FCE01EFDC8A5971,OBJ_124792EF45342A09490A,kind,UNIQUE,UNIQUE,
ATTR_732437ACEA454CC93EB9,OBJ_124792EF45342A09490A,description,ATTRID,ATTRID,
ATTR_BD46D9EEAB9E0A97B4A0,OBJ_31AA01E25966765DCFE9,expression,OBJID+ATTRNAME,OBJID+ATTRNAME,
ATTR_9737B800C0537B8BA58D,OBJ_31AA01E25966765DCFE9,kind,NORMAL,NORMAL,
ATTR_E22F0A8ED074D2FF8FB5,OBJ_31AA01E25966765DCFE9,description,"OBJID, ATTRNAME","OBJID, ATTRNAME",
ATTR_3768D2838D6A9A53CDF8,OBJ_17E5B2C68890E16AB312,expression,EDGEID,EDGEID,
ATTR_EEB8510A7AB33B09E509,OBJ_17E5B2C68890E16AB312,kind,UNIQUE,UNIQUE,
ATTR_0CA06001705882E4F2DA,OBJ_17E5B2C68890E16AB312,description,EDGEID,EDGEID,
ATTR_E7008E549F6F88888279,OBJ_E5261A81C45FDB229153,expression,FROMOBJ,FROMOBJ,
ATTR_750C0B1E5E4AABFEE3C8,OBJ_E5261A81C45FDB229153,kind,NORMAL,NORMAL,
ATTR_905239338A4FE6371DA3,OBJ_E5261A81C45FDB229153,description,FROMOBJ,FROMOBJ,
ATTR_642B13523301FC0A373C,OBJ_5AC238AA715CF5A77C6E,expression,EVID,EVID,
ATTR_FD47E4FEA6FE78DA1B5F,OBJ_5AC238AA715CF5A77C6E,kind,UNIQUE,UNIQUE,
ATTR_2065B895A4049ED78327,OBJ_5AC238AA715CF5A77C6E,description,EVID,EVID,
ATTR_C52E96CC58BC346A5B58,OBJ_DA44F08260C3AA7931D8,expression,OBJID,OBJID,
ATTR_533D05E63587D4A7FD01,OBJ_DA44F08260C3AA7931D8,kind,NORMAL,NORMAL,
ATTR_10FEE9004E10995FA5B7,OBJ_DA44F08260C3AA7931D8,description,OBJID,OBJID,
ATTR_626E21D0069215D54BD5,OBJ_C727D86082F60461128D,expression,GATEID,GATEID,
ATTR_A615179F48E7A7EB7605,OBJ_C727D86082F60461128D,kind,UNIQUE,UNIQUE,
ATTR_51623796000B99A94D8D,OBJ_C727D86082F60461128D,description,GATEID,GATEID,
ATTR_230E3DF3B7800FBB282D,OBJ_3E5E9C812F51078FD545,expression,RUNID+GATENAME,RUNID+GATENAME,
ATTR_E533B4FCDB6C9B1CD2D0,OBJ_3E5E9C812F51078FD545,kind,NORMAL,NORMAL,
ATTR_AA10C912A97E795DE803,OBJ_3E5E9C812F51078FD545,description,"RUNID, GATENAME","RUNID, GATENAME",
ATTR_2B1DB9C28F634284A8BC,OBJ_F3355B777A52DD565B7C,expression,REVID,REVID,
ATTR_C30D0C8AEC8534F1904B,OBJ_F3355B777A52DD565B7C,kind,UNIQUE,UNIQUE,
ATTR_3E99352CEF841B4ACA10,OBJ_F3355B777A52DD565B7C,description,REVID,REVID,
ATTR_0656071D2A92D64BBB76,OBJ_612DCACBAC08113F5FD9,expression,RUNID+SEVERITY,RUNID+SEVERITY,
ATTR_FD471CAD9C379BE6B57F,OBJ_612DCACBAC08113F5FD9,kind,NORMAL,NORMAL,
ATTR_C5020B8819DEA0C945A3,OBJ_612DCACBAC08113F5FD9,description,"RUNID, SEVERITY","RUNID, SEVERITY",
ATTR_927427D74230B202CBF0,OBJ_CC8C6913B7FF10BD70DE,expression,ARTID,ARTID,
ATTR_8A76B6B09CFE92E707CA,OBJ_CC8C6913B7FF10BD70DE,kind,UNIQUE,UNIQUE,
ATTR_658C0066376C6CB376B0,OBJ_CC8C6913B7FF10BD70DE,description,ARTID,ARTID,
ATTR_CD0E2DC19B305790196D,OBJ_5E2A2CF23EEEA2BFB518,expression,RUNID+KIND,RUNID+KIND,
ATTR_F4914AEA1FBB4FFCBEFB,OBJ_5E2A2CF23EEEA2BFB518,kind,NORMAL,NORMAL,
ATTR_0A2F9F35A88CF312E39C,OBJ_5E2A2CF23EEEA2BFB518,description,"RUNID, KIND","RUNID, KIND",
ATTR_54EC201CB7E71EDD8796,OBJ_4787D9A3D9D8E2A8D75A,expression,PROFID,PROFID,
ATTR_52413C2112B8D0519CD1,OBJ_4787D9A3D9D8E2A8D75A,kind,UNIQUE,UNIQUE,
ATTR_2285B68644F4FD3D9405,OBJ_4787D9A3D9D8E2A8D75A,description,PROFID,PROFID,
ATTR_B0C8BEDA94D1B5CC07DC,OBJ_C1FF246D96A76C25EBD6,expression,NAME,NAME,
ATTR_29AA6577F69C81877589,OBJ_C1FF246D96A76C25EBD6,kind,UNIQUE,UNIQUE,
ATTR_C377297AC1FF3056AF69,OBJ_C1FF246D96A76C25EBD6,description,NAME,NAME,
